410,-0.39,0.07,10.01,0.00,-0.03,0.02
446,-0.36,0.14,10.15,0.00,-0.03,0.02
481,-0.40,0.09,10.04,0.01,-0.03,0.02
517,-0.37,0.08,10.13,0.00,-0.03,0.02
551,-0.37,0.06,10.10,0.01,-0.03,0.02
587,-0.39,0.07,10.03,0.01,-0.03,0.02
622,-0.38,0.11,10.16,0.00,-0.03,0.02
658,-0.37,0.09,10.07,0.00,-0.04,0.02
693,-0.37,0.08,10.03,0.00,-0.03,0.02
732,-0.37,0.09,10.10,0.00,-0.03,0.02
772,-0.39,0.09,10.05,0.01,-0.03,0.02
811,-0.36,0.11,10.07,0.00,-0.03,0.02
850,-0.36,0.11,10.11,0.01,-0.03,0.02
889,-0.37,0.10,10.11,0.01,-0.03,0.02
929,-0.37,0.09,10.07,0.01,-0.03,0.02
969,-0.36,0.09,10.09,0.01,-0.03,0.02
1008,-0.37,0.09,10.06,0.01,-0.03,0.02
1049,-0.36,0.08,10.08,0.01,-0.03,0.02
1089,-0.38,0.11,10.09,0.01,-0.03,0.02
1130,-0.35,0.10,10.08,0.01,-0.03,0.02
1171,-0.35,0.08,10.08,0.01,-0.03,0.02
1211,-0.37,0.09,10.05,0.00,-0.03,0.02
1252,-0.37,0.08,10.08,0.00,-0.03,0.02
1292,-0.37,0.09,10.07,0.00,-0.03,0.02
1333,-0.40,0.09,10.07,0.00,-0.02,0.02
1374,-0.38,0.12,10.11,0.01,-0.03,0.02
1414,-0.39,0.09,10.11,0.00,-0.03,0.02
1455,-0.39,0.08,10.09,0.00,-0.03,0.02
1495,-0.39,0.11,10.09,0.00,-0.03,0.02
1536,-0.40,0.08,10.06,0.00,-0.03,0.02
1576,-0.40,0.09,10.07,0.00,-0.03,0.02
1616,-0.40,0.10,10.09,0.00,-0.03,0.02
1657,-0.42,0.11,10.05,0.00,-0.03,0.02
1697,-0.40,0.08,10.08,0.00,-0.03,0.02
1738,-0.42,0.08,10.07,0.00,-0.03,0.02
1779,-0.40,0.10,10.03,0.00,-0.03,0.02
1819,-0.42,0.09,10.07,0.00,-0.03,0.02
1860,-0.41,0.11,10.10,0.00,-0.03,0.02
1901,-0.40,0.10,10.07,0.00,-0.03,0.02
1941,-0.41,0.08,10.10,0.00,-0.03,0.02
1982,-0.42,0.10,10.11,0.00,-0.03,0.02
2022,-0.43,0.08,10.10,0.00,-0.03,0.02
2063,-0.40,0.11,10.09,0.00,-0.03,0.02
2104,-0.40,0.09,10.09,0.00,-0.03,0.02
2144,-0.42,0.09,10.10,0.00,-0.03,0.02
2185,-0.41,0.10,10.08,-0.00,-0.03,0.02
2226,-0.42,0.07,10.08,0.00,-0.03,0.02
2267,-0.40,0.08,10.08,0.00,-0.03,0.02
2308,-0.40,0.10,10.07,-0.00,-0.03,0.02
2349,-0.39,0.08,10.07,0.00,-0.03,0.02
2390,-0.39,0.09,10.07,0.00,-0.03,0.02
2429,-0.41,0.09,10.07,0.00,-0.03,0.02
2470,-0.40,0.08,10.07,0.00,-0.03,0.02
2511,-0.40,0.10,10.09,0.00,-0.03,0.02
2551,-0.40,0.10,10.05,0.00,-0.03,0.02
2592,-0.40,0.09,10.10,0.00,-0.03,0.02
2632,-0.40,0.11,10.07,0.00,-0.03,0.02
2673,-0.39,0.08,10.08,0.00,-0.03,0.02
2714,-0.37,0.09,10.09,0.00,-0.03,0.02
2754,-0.38,0.10,10.07,0.00,-0.03,0.02
2795,-0.38,0.11,10.07,0.00,-0.03,0.02
2836,-0.38,0.08,10.07,0.00,-0.03,0.02
2876,-0.37,0.11,10.07,0.00,-0.03,0.02
2917,-0.38,0.10,10.11,0.00,-0.03,0.02
2957,-0.38,0.10,10.07,0.00,-0.03,0.02
2998,-0.39,0.10,10.08,0.00,-0.03,0.02
3039,-0.37,0.10,10.09,0.00,-0.03,0.02
3079,-0.38,0.10,10.07,0.00,-0.03,0.02
3120,-0.37,0.10,10.07,0.00,-0.03,0.02
3160,-0.37,0.10,10.07,0.01,-0.03,0.02
3201,-0.36,0.10,10.07,0.00,-0.03,0.02
3241,-0.35,0.10,10.08,0.00,-0.03,0.02
3281,-0.37,0.10,10.12,0.00,-0.03,0.02
3322,-0.36,0.09,10.08,0.00,-0.03,0.02
3362,-0.38,0.10,10.10,0.00,-0.03,0.02
3403,-0.38,0.10,10.08,0.00,-0.03,0.02
3444,-0.37,0.10,10.07,0.00,-0.03,0.02
3484,-0.38,0.10,10.09,0.01,-0.03,0.02
3525,-0.36,0.11,10.07,0.00,-0.03,0.02
3566,-0.38,0.09,10.08,0.00,-0.03,0.02
3606,-0.39,0.11,10.07,0.01,-0.03,0.02
3647,-0.37,0.10,10.08,0.00,-0.02,0.02
3687,-0.37,0.11,10.03,0.00,-0.03,0.02
3728,-0.39,0.09,10.07,0.00,-0.03,0.02
3769,-0.39,0.10,10.07,0.00,-0.03,0.02
3809,-0.40,0.09,10.07,0.00,-0.03,0.02
3850,-0.40,0.10,10.07,0.00,-0.03,0.02
3890,-0.39,0.08,10.11,0.00,-0.03,0.02
3931,-0.40,0.10,10.07,0.00,-0.03,0.02
3972,-0.39,0.09,10.07,0.00,-0.03,0.02
4012,-0.40,0.07,10.07,0.00,-0.03,0.02
4052,-0.41,0.08,10.06,0.00,-0.03,0.02
4092,-0.40,0.09,10.07,0.00,-0.03,0.02
4133,-0.41,0.10,10.07,0.00,-0.03,0.02
4174,-0.41,0.09,10.07,0.00,-0.03,0.02
4214,-0.42,0.10,10.09,0.00,-0.03,0.02
4255,-0.41,0.08,10.07,0.00,-0.03,0.02
4296,-0.42,0.10,10.09,0.00,-0.03,0.02
4336,-0.43,0.09,10.08,0.00,-0.03,0.02
4377,-0.43,0.09,10.07,0.00,-0.03,0.02
4417,-0.40,0.10,10.09,0.00,-0.03,0.02
4458,-0.40,0.09,10.08,0.00,-0.03,0.02
4499,-0.40,0.09,10.06,0.00,-0.03,0.02
4539,-0.41,0.09,10.06,0.00,-0.03,0.02
4580,-0.42,0.10,10.07,-0.00,-0.03,0.02
4621,-0.41,0.11,10.08,0.00,-0.03,0.02
4662,-0.41,0.11,10.07,0.00,-0.03,0.02
4703,-0.41,0.09,10.12,0.00,-0.03,0.02
4743,-0.41,0.12,10.07,0.00,-0.03,0.02
4784,-0.41,0.12,10.11,0.00,-0.03,0.02
4824,-0.39,0.11,10.07,0.00,-0.03,0.02
4865,-0.38,0.10,10.12,0.00,-0.03,0.02
4905,-0.36,0.09,10.07,0.00,-0.03,0.02
4945,-0.37,0.10,10.04,0.00,-0.03,0.02
4986,-0.37,0.11,10.11,0.00,-0.03,0.02
5026,-0.37,0.10,10.09,0.00,-0.03,0.02
5067,-0.36,0.09,10.07,0.00,-0.03,0.02
5108,-0.38,0.10,10.09,0.00,-0.03,0.02
5148,-0.36,0.09,10.07,0.00,-0.03,0.02
5189,-0.36,0.09,10.07,0.00,-0.03,0.02
5230,-0.35,0.09,10.07,0.00,-0.03,0.02
5270,-0.37,0.09,10.09,0.00,-0.03,0.02
5311,-0.36,0.09,10.09,0.00,-0.03,0.02
5351,-0.35,0.10,10.06,0.00,-0.03,0.02
5392,-0.33,0.10,10.05,0.00,-0.03,0.02
5433,-0.34,0.08,10.08,-0.00,-0.03,0.02
5474,-0.35,0.07,10.07,-0.00,-0.03,0.02
5516,-0.35,0.07,10.10,-0.00,-0.03,0.02
5557,-0.34,0.06,10.09,0.00,-0.03,0.02
5598,-0.36,0.06,10.09,-0.00,-0.03,0.02
5640,-0.36,0.08,10.09,-0.00,-0.03,0.02
5681,-0.38,0.05,10.05,-0.00,-0.03,0.02
5723,-0.36,0.09,10.06,-0.00,-0.02,0.02
5765,-0.39,0.08,10.07,-0.00,-0.03,0.02
5806,-0.37,0.07,10.06,-0.00,-0.03,0.02
5848,-0.39,0.06,10.06,-0.00,-0.02,0.02
5889,-0.37,0.09,10.08,-0.01,-0.03,0.02
5931,-0.38,0.07,10.09,-0.01,-0.03,0.02
5972,-0.39,0.06,10.09,-0.01,-0.03,0.02
6013,-0.37,-0.04,10.07,-0.01,-0.03,0.02
6056,-0.35,-0.25,10.10,-0.02,-0.03,0.01
6099,-0.35,-0.41,10.08,-0.15,-0.06,-0.08
6142,-0.38,-0.34,10.11,-0.04,-0.03,0.01
6185,-0.34,-0.51,10.09,-0.05,-0.03,0.02
6228,-0.27,-0.62,10.08,-0.05,-0.04,0.01
6270,-0.25,-0.71,10.09,-0.07,-0.04,0.01
6313,-0.22,-0.80,10.14,-0.09,-0.04,0.01
6355,-0.20,-0.87,10.14,-0.18,-0.03,-0.00
6400,-0.22,-1.31,10.13,-0.20,-0.03,-0.01
6444,-0.23,-0.92,10.12,-0.15,-0.04,-0.00
6487,-0.21,-0.91,10.14,-0.14,-0.05,0.00
6530,-0.21,-0.98,10.18,-0.17,-0.05,0.01
6573,-0.20,-1.05,10.15,-0.19,-0.05,0.00
6615,-0.16,-1.17,10.18,-0.21,-0.05,0.00
6658,-0.20,-1.17,10.17,-0.23,-0.05,0.00
6701,-0.21,-1.25,10.14,-0.23,-0.05,0.00
6743,-0.22,-1.26,10.09,-0.22,-0.05,0.00
6786,-0.29,-1.18,10.17,-0.23,-0.05,0.00
6829,-0.26,-1.22,10.17,-0.25,-0.05,-0.00
6872,-0.25,-1.25,10.17,-0.26,-0.05,-0.00
6916,-0.20,-1.31,10.13,-0.25,-0.13,-0.20
6960,-0.20,-1.92,10.13,-0.17,-0.11,-0.26
7003,0.10,-1.82,10.09,-0.17,-0.09,-0.17
7046,-0.23,-1.50,10.02,-0.21,-0.05,-0.05
7089,-0.30,-1.46,10.06,-0.23,-0.05,-0.01
7133,-0.31,-1.34,10.06,-0.23,-0.06,0.00
7176,-0.34,-1.23,10.01,-0.22,-0.06,0.01
7218,-0.40,-1.19,9.88,-0.19,-0.05,0.02
7260,-0.47,-1.08,9.87,-0.16,-0.05,0.03
7302,-0.48,-0.99,9.85,-0.13,-0.05,0.03
7343,-0.49,-1.04,9.88,-0.11,-0.05,0.03
7385,-0.46,-1.02,9.86,-0.09,-0.05,0.02
7427,-0.45,-1.05,9.78,-0.06,-0.05,0.01
7468,-0.41,-1.11,9.76,-0.03,-0.04,0.00
7510,-0.39,-1.07,9.80,0.01,-0.04,-0.00
7550,-0.41,-1.00,9.81,0.06,-0.03,-0.00
7592,-0.43,-0.95,9.82,0.09,-0.03,0.00
7633,-0.51,-0.60,9.83,0.13,-0.03,0.03
7673,-0.59,-0.13,9.82,0.19,-0.03,0.05
7714,-0.60,-0.04,9.94,0.22,-0.01,0.05
7754,-0.57,-0.08,9.95,0.25,-0.01,0.06
7795,-0.55,-0.08,10.03,0.28,-0.01,0.08
7837,-0.52,-0.02,10.08,0.33,-0.00,0.08
7878,-0.50,-0.07,10.18,0.37,-0.00,0.08
7920,-0.46,-0.06,10.23,0.42,0.01,0.08
7961,-0.41,-0.04,10.29,0.47,0.02,0.07
8001,-0.41,-0.05,10.45,0.50,0.02,0.06
8042,-0.35,-0.01,10.49,0.50,0.02,0.05
8082,-0.33,0.01,10.49,0.50,0.02,0.03
8122,-0.31,0.01,10.56,0.52,0.03,0.03
8162,-0.27,0.01,10.56,0.55,0.03,0.03
8201,-0.23,0.09,10.58,0.55,0.04,0.04
8241,-0.20,0.08,10.60,0.56,0.04,0.05
8280,-0.18,0.05,10.58,0.55,0.04,0.06
8320,-0.17,0.10,10.57,0.52,0.04,0.07
8359,-0.12,0.10,10.52,0.49,0.04,0.08
8398,-0.09,0.06,10.47,0.48,0.04,0.08
8438,-0.08,0.07,10.37,0.47,0.05,0.08
8477,-0.07,0.11,10.38,0.46,0.04,0.07
8517,-0.08,0.07,10.32,0.42,0.04,0.06
8557,-0.05,0.07,10.21,0.38,0.04,0.05
8596,-0.06,0.11,10.12,0.33,0.03,0.03
8636,-0.07,0.10,10.11,0.28,0.03,0.02
8675,-0.07,0.09,10.03,0.24,0.02,0.01
8715,-0.08,0.10,9.96,0.21,0.02,0.01
8753,-0.09,0.12,9.90,0.17,0.02,0.00
8792,-0.08,0.12,9.93,0.12,0.01,0.01
8830,-0.09,0.10,9.84,0.06,0.00,0.01
8868,-0.11,0.12,9.79,0.00,-0.00,0.02
8908,-0.16,0.11,9.86,-0.05,-0.01,0.03
8948,-0.19,0.09,9.90,-0.10,-0.02,0.03
8989,-0.21,0.08,9.91,-0.14,-0.02,0.04
9030,-0.26,0.08,9.93,-0.18,-0.03,0.04
9070,-0.28,0.03,10.01,-0.23,-0.03,0.03
9112,-0.32,0.06,10.06,-0.28,-0.05,0.01
9153,-0.34,0.05,10.13,-0.34,-0.06,-0.00
9196,-0.40,0.03,10.21,-0.38,-0.07,-0.02
9239,-0.45,0.04,10.28,-0.41,-0.07,-0.03
9281,-0.48,0.04,10.37,-0.43,-0.08,-0.04
9324,-0.50,0.00,10.39,-0.45,-0.08,-0.04
9367,-0.57,0.03,10.49,-0.48,-0.09,-0.04
9409,-0.57,0.02,10.54,-0.52,-0.10,-0.04
9452,-0.60,0.00,10.54,-0.54,-0.10,-0.03
9495,-0.63,-0.00,10.56,-0.54,-0.11,-0.02
9538,-0.65,0.00,10.55,-0.53,-0.11,-0.00
9581,-0.69,-0.04,10.55,-0.52,-0.11,-0.00
9625,-0.71,-0.02,10.56,-0.52,-0.11,-0.00
9668,-0.67,-0.04,10.49,-0.51,-0.12,-0.00
9712,-0.70,-0.06,10.44,-0.50,-0.12,-0.01
9756,-0.68,-0.10,10.37,-0.47,-0.12,-0.02
9799,-0.67,-0.06,10.25,-0.42,-0.11,-0.03
9843,-0.67,-0.08,10.19,-0.38,-0.11,-0.04
9887,-0.63,-0.06,10.15,-0.35,-0.11,-0.04
9930,-0.61,-0.06,10.05,-0.31,-0.10,-0.03
9974,-0.58,-0.06,10.01,-0.28,-0.10,-0.02
10017,-0.54,-0.06,9.93,-0.23,-0.10,-0.00
10061,-0.52,-0.05,9.85,-0.17,-0.09,0.01
10104,-0.49,-0.06,9.86,-0.10,-0.08,0.03
10146,-0.45,-0.05,9.84,-0.05,-0.07,0.04
10189,-0.42,-0.04,9.81,-0.00,-0.06,0.05
10232,-0.41,-0.07,9.81,0.04,-0.06,0.05
10273,-0.35,-0.06,9.82,0.09,-0.05,0.04
10315,-0.33,-0.06,9.82,0.15,-0.04,0.04
10357,-0.31,-0.04,9.87,0.21,-0.03,0.03
10398,-0.28,-0.03,9.98,0.27,-0.01,0.03
10440,-0.26,-0.02,10.04,0.31,-0.01,0.02
10482,-0.23,0.00,10.13,0.34,0.00,0.02
10523,-0.20,0.00,10.20,0.37,0.01,0.03
10564,-0.15,0.00,10.27,0.41,0.02,0.03
10604,-0.14,0.04,10.28,0.44,0.03,0.04
10645,-0.13,0.03,10.43,0.48,0.04,0.06
10685,-0.13,0.09,10.47,0.51,0.05,0.07
10726,-0.10,0.06,10.53,0.52,0.05,0.07
10767,-0.10,0.07,10.59,0.52,0.06,0.08
10807,-0.10,0.07,10.58,0.52,0.06,0.08
10848,-0.08,0.06,10.55,0.53,0.06,0.07
10889,-0.09,0.06,10.56,0.54,0.07,0.06
10929,-0.12,0.07,10.56,0.54,0.08,0.05
10970,-0.11,0.07,10.55,0.52,0.08,0.04
11010,-0.10,0.07,10.49,0.50,0.08,0.03
11051,-0.14,0.08,10.44,0.47,0.07,0.03
11091,-0.15,0.11,10.41,0.44,0.07,0.02
11131,-0.16,0.11,10.36,0.42,0.07,0.03
11172,-0.17,0.11,10.25,0.40,0.07,0.04
11212,-0.20,0.10,10.20,0.36,0.07,0.04
11253,-0.23,0.09,10.11,0.31,0.06,0.05
11294,-0.26,0.08,10.06,0.26,0.05,0.06
11334,-0.28,0.06,9.99,0.21,0.05,0.06
11374,-0.32,0.08,9.91,0.17,0.04,0.06
11413,-0.34,0.06,9.90,0.13,0.03,0.05
11453,-0.36,0.05,9.88,0.09,0.02,0.04
11493,-0.40,0.05,9.83,0.04,0.01,0.03
11532,-0.42,0.03,9.82,-0.01,0.00,0.01
11573,-0.44,0.02,9.83,-0.08,-0.01,0.00
11614,-0.48,0.02,9.86,-0.13,-0.02,-0.01
11657,-0.51,0.05,9.90,-0.17,-0.03,-0.02
11700,-0.55,0.02,10.01,-0.22,-0.04,-0.02
11743,-0.57,0.02,10.01,-0.26,-0.06,-0.02
11787,-0.61,0.03,10.07,-0.31,-0.07,-0.01
11831,-0.64,0.02,10.18,-0.36,-0.08,-0.01
11874,-0.63,-0.01,10.24,-0.41,-0.09,-0.00
11919,-0.65,0.00,10.33,-0.44,-0.10,0.00
11962,-0.66,-0.00,10.36,-0.46,-0.11,0.00
12005,-0.68,-0.03,10.45,-0.47,-0.12,-0.00
12050,-0.67,-0.01,10.46,-0.49,-0.12,-0.01
12095,-0.66,-0.01,10.50,-0.52,-0.13,-0.02
12139,-0.67,-0.02,10.55,-0.53,-0.14,-0.03
12184,-0.66,0.00,10.52,-0.53,-0.14,-0.04
12228,-0.63,-0.04,10.56,-0.52,-0.15,-0.04
12272,-0.61,-0.01,10.52,-0.50,-0.15,-0.04
12317,-0.57,-0.01,10.50,-0.49,-0.15,-0.04
12362,-0.56,-0.03,10.42,-0.47,-0.15,-0.02
12406,-0.51,-0.01,10.38,-0.45,-0.14,-0.01
12451,-0.46,-0.01,10.30,-0.42,-0.14,-0.00
12496,-0.44,-0.02,10.18,-0.38,-0.13,0.01
12539,-0.39,-0.01,10.12,-0.33,-0.12,0.02
12583,-0.34,-0.00,10.07,-0.29,-0.12,0.02
12627,-0.32,-0.04,9.98,-0.25,-0.11,0.01
12669,-0.27,-0.02,9.92,-0.21,-0.10,0.01
12712,-0.24,-0.01,9.85,-0.16,-0.09,0.01
12755,-0.22,-0.04,9.85,-0.10,-0.08,0.00
12797,-0.18,-0.01,9.83,-0.04,-0.06,0.00
12840,-0.15,-0.00,9.81,0.02,-0.05,0.00
12881,-0.13,-0.00,9.86,0.06,-0.04,0.01
12923,-0.11,0.02,9.86,0.10,-0.03,0.02
12964,-0.09,0.02,9.89,0.15,-0.02,0.03
13004,-0.06,0.02,9.93,0.20,-0.01,0.04
13045,-0.07,0.02,9.98,0.25,0.01,0.05
13085,-0.05,0.03,10.06,0.30,0.02,0.05
13125,-0.05,0.03,10.11,0.34,0.03,0.06
13166,-0.06,0.04,10.20,0.37,0.04,0.06
13206,-0.08,0.04,10.26,0.40,0.05,0.06
13247,-0.07,0.03,10.36,0.43,0.06,0.05
13288,-0.10,0.02,10.38,0.46,0.07,0.05
13328,-0.12,0.04,10.44,0.49,0.08,0.04
13369,-0.15,0.04,10.52,0.51,0.08,0.04
13409,-0.18,0.04,10.54,0.52,0.09,0.03
13450,-0.18,0.06,10.56,0.52,0.09,0.04
13491,-0.20,0.06,10.58,0.52,0.09,0.04
13531,-0.26,0.07,10.58,0.52,0.10,0.05
13572,-0.25,0.04,10.57,0.52,0.10,0.06
13612,-0.30,0.06,10.54,0.51,0.10,0.07
13652,-0.33,0.05,10.52,0.49,0.10,0.07
13693,-0.36,0.04,10.47,0.47,0.10,0.07
13733,-0.41,0.05,10.36,0.44,0.09,0.07
13774,-0.41,0.02,10.32,0.41,0.08,0.07
13815,-0.45,0.02,10.25,0.38,0.08,0.06
13855,-0.48,0.01,10.15,0.35,0.07,0.05
13896,-0.51,0.04,10.10,0.31,0.06,0.04
13936,-0.51,0.00,10.02,0.27,0.05,0.03
13977,-0.55,0.02,9.97,0.22,0.04,0.02
14017,-0.56,0.04,9.94,0.17,0.03,0.02
14056,-0.58,0.01,9.89,0.12,0.01,0.02
14096,-0.59,0.01,9.87,0.08,0.00,0.02
14135,-0.62,0.01,9.83,0.04,-0.01,0.02
14176,-0.63,0.01,9.84,-0.01,-0.02,0.02
14218,-0.64,0.01,9.88,-0.07,-0.03,0.02
14259,-0.63,0.02,9.88,-0.12,-0.05,0.02
14301,-0.62,0.02,9.89,-0.18,-0.06,0.02
14342,-0.65,-0.00,9.94,-0.22,-0.07,0.01
14385,-0.64,-0.01,10.06,-0.26,-0.08,0.01
14429,-0.64,-0.01,10.11,-0.30,-0.10,-0.00
14473,-0.64,0.01,10.20,-0.34,-0.11,-0.01
14517,-0.61,0.01,10.24,-0.38,-0.12,-0.02
14561,-0.61,0.00,10.33,-0.42,-0.13,-0.03
14604,-0.60,0.00,10.37,-0.45,-0.14,-0.03
14648,-0.55,0.04,10.42,-0.47,-0.15,-0.03
14692,-0.53,0.03,10.48,-0.48,-0.15,-0.03
14735,-0.51,0.04,10.52,-0.50,-0.16,-0.02
14779,-0.47,0.04,10.56,-0.51,-0.16,-0.01
14823,-0.43,0.04,10.54,-0.52,-0.16,-0.01
14866,-0.40,0.03,10.55,-0.52,-0.16,-0.00
14910,-0.35,0.02,10.53,-0.50,-0.16,-0.00
14954,-0.33,0.04,10.48,-0.49,-0.15,-0.00
14997,-0.28,0.03,10.44,-0.47,-0.15,-0.01
15041,-0.24,0.02,10.36,-0.45,-0.14,-0.01
15085,-0.20,0.03,10.30,-0.42,-0.14,-0.02
15128,-0.18,0.02,10.22,-0.39,-0.13,-0.02
15172,-0.13,0.03,10.15,-0.35,-0.12,-0.02
15216,-0.12,0.02,10.07,-0.30,-0.10,-0.01
15259,-0.09,0.03,10.01,-0.25,-0.09,-0.00
15303,-0.08,0.03,9.96,-0.21,-0.08,0.00
15345,-0.08,0.03,9.93,-0.17,-0.07,0.01
15386,-0.07,0.03,9.90,-0.12,-0.06,0.02
15428,-0.06,0.03,9.84,-0.07,-0.04,0.03
15469,-0.04,0.00,9.81,-0.01,-0.03,0.04
15511,-0.05,0.00,9.83,0.04,-0.02,0.04
15552,-0.07,0.01,9.86,0.09,-0.00,0.04
15592,-0.09,0.02,9.88,0.13,0.01,0.03
15632,-0.08,0.01,9.91,0.18,0.02,0.03
15671,-0.10,0.00,9.94,0.22,0.03,0.03
15711,-0.13,0.01,10.01,0.27,0.04,0.03
15752,-0.14,0.02,10.07,0.32,0.06,0.03
15792,-0.19,0.01,10.19,0.36,0.06,0.03
15833,-0.23,0.01,10.23,0.39,0.07,0.04
15873,-0.26,0.03,10.28,0.41,0.08,0.04
15913,-0.28,0.03,10.37,0.44,0.08,0.05
15954,-0.30,0.01,10.42,0.46,0.09,0.06
15994,-0.35,0.00,10.47,0.49,0.09,0.07
16035,-0.39,-0.00,10.53,0.50,0.10,0.07
16077,-0.44,0.00,10.56,0.51,0.10,0.07
16117,-0.46,0.00,10.52,0.52,0.10,0.07
16158,-0.49,-0.01,10.58,0.51,0.10,0.07
16199,-0.53,-0.01,10.53,0.51,0.10,0.06
16241,-0.58,-0.01,10.53,0.50,0.09,0.06
16283,-0.58,-0.01,10.43,0.49,0.09,0.05
16324,-0.60,-0.02,10.42,0.48,0.08,0.05
16366,-0.62,0.01,10.36,0.45,0.07,0.05
16406,-0.63,0.01,10.27,0.42,0.07,0.05
16447,-0.65,-0.00,10.23,0.38,0.06,0.05
16489,-0.64,0.01,10.17,0.35,0.05,0.05
16529,-0.63,-0.01,10.10,0.32,0.04,0.05
16571,-0.64,0.01,10.02,0.28,0.03,0.06
16612,-0.65,0.00,9.98,0.23,0.01,0.05
16651,-0.62,-0.01,9.95,0.19,0.00,0.05
16692,-0.63,0.01,9.89,0.13,-0.01,0.04
16732,-0.59,-0.02,9.85,0.09,-0.03,0.04
16774,-0.60,0.01,9.82,0.04,-0.04,0.03
16815,-0.58,0.01,9.86,-0.01,-0.05,0.02
16856,-0.57,0.03,9.86,-0.05,-0.06,0.01
16898,-0.55,0.02,9.88,-0.10,-0.08,-0.00
16940,-0.53,0.04,9.96,-0.16,-0.09,-0.01
16983,-0.49,0.05,9.96,-0.21,-0.10,-0.01
17026,-0.49,0.05,10.01,-0.26,-0.11,-0.01
17069,-0.46,0.07,10.11,-0.30,-0.12,-0.01
17113,-0.40,0.06,10.18,-0.34,-0.13,-0.00
17157,-0.39,0.06,10.24,-0.38,-0.13,0.00
17199,-0.36,0.05,10.33,-0.41,-0.14,0.00
17242,-0.32,0.07,10.37,-0.44,-0.15,0.00
17285,-0.29,0.06,10.43,-0.47,-0.15,0.00
17327,-0.27,0.05,10.49,-0.48,-0.15,-0.00
17371,-0.26,0.06,10.52,-0.49,-0.15,-0.01
17415,-0.21,0.07,10.55,-0.50,-0.15,-0.02
17458,-0.18,0.08,10.56,-0.51,-0.15,-0.02
17502,-0.17,0.06,10.55,-0.51,-0.15,-0.03
17546,-0.15,0.08,10.51,-0.51,-0.14,-0.03
17589,-0.14,0.07,10.49,-0.49,-0.13,-0.02
17633,-0.11,0.07,10.43,-0.47,-0.13,-0.01
17677,-0.09,0.08,10.40,-0.44,-0.12,-0.01
17720,-0.10,0.06,10.31,-0.42,-0.11,0.00
17763,-0.09,0.06,10.23,-0.39,-0.10,0.01
17805,-0.08,0.02,10.19,-0.36,-0.09,0.01
17848,-0.10,0.03,10.10,-0.31,-0.08,0.01
17891,-0.10,0.01,10.00,-0.27,-0.07,0.01
17933,-0.13,0.02,9.96,-0.22,-0.05,0.01
17975,-0.13,0.01,9.91,-0.18,-0.04,0.01
18017,-0.16,-0.01,9.92,-0.13,-0.03,0.00
18059,-0.17,0.01,9.88,-0.08,-0.02,0.00
18101,-0.17,-0.02,9.81,-0.03,-0.01,0.01
18143,-0.21,0.00,9.81,0.02,0.00,0.01
18183,-0.23,-0.01,9.86,0.08,0.02,0.01
18224,-0.28,-0.00,9.88,0.12,0.02,0.02
18264,-0.31,-0.02,9.92,0.17,0.03,0.03
18305,-0.34,-0.03,9.95,0.21,0.04,0.04
18345,-0.38,-0.01,10.02,0.25,0.05,0.05
18386,-0.40,-0.02,10.07,0.30,0.06,0.06
18428,-0.44,-0.05,10.17,0.34,0.06,0.06
18469,-0.48,-0.04,10.20,0.38,0.07,0.06
18511,-0.51,-0.04,10.29,0.41,0.07,0.06
18553,-0.53,-0.05,10.35,0.44,0.08,0.06
18594,-0.57,-0.05,10.40,0.46,0.08,0.05
18636,-0.59,-0.03,10.47,0.48,0.08,0.05
18678,-0.62,-0.02,10.47,0.50,0.08,0.05
18719,-0.64,-0.03,10.52,0.51,0.08,0.05
18761,-0.64,-0.02,10.54,0.52,0.08,0.06
18802,-0.63,-0.01,10.53,0.52,0.07,0.06
18844,-0.66,-0.02,10.50,0.51,0.07,0.07
18886,-0.67,-0.01,10.51,0.50,0.06,0.07
18927,-0.65,0.00,10.45,0.49,0.06,0.07
18968,-0.64,-0.02,10.41,0.47,0.05,0.07
19010,-0.62,0.01,10.34,0.45,0.04,0.07
19050,-0.62,0.01,10.30,0.42,0.03,0.07
19091,-0.59,-0.03,10.23,0.39,0.02,0.06
19132,-0.58,0.00,10.17,0.35,0.02,0.05
19173,-0.55,0.02,10.10,0.31,0.01,0.04
19214,-0.51,0.01,10.04,0.27,-0.00,0.04
19255,-0.49,0.01,10.02,0.23,-0.01,0.03
19297,-0.45,0.03,9.93,0.19,-0.02,0.02
19337,-0.42,0.03,9.90,0.14,-0.03,0.02
19378,-0.41,0.07,9.87,0.09,-0.04,0.02
19419,-0.38,0.05,9.87,0.03,-0.05,0.02
19459,-0.34,0.10,9.86,-0.01,-0.06,0.02
19501,-0.33,0.08,9.90,-0.06,-0.07,0.02
19543,-0.30,0.08,9.93,-0.11,-0.08,0.02
19584,-0.28,0.09,9.97,-0.16,-0.09,0.02
19625,-0.25,0.08,10.02,-0.21,-0.10,0.02
19667,-0.21,0.07,10.07,-0.26,-0.10,0.01
19710,-0.20,0.09,10.11,-0.30,-0.11,0.00
19753,-0.20,0.08,10.19,-0.34,-0.11,-0.00
19796,-0.15,0.09,10.26,-0.37,-0.12,-0.01
19841,-0.15,0.08,10.30,-0.41,-0.12,-0.02
19885,-0.12,0.10,10.40,-0.44,-0.12,-0.02
19928,-0.11,0.10,10.44,-0.47,-0.13,-0.02
19972,-0.12,0.11,10.50,-0.49,-0.13,-0.01
20016,-0.11,0.12,10.53,-0.50,-0.12,-0.01
20059,-0.12,0.10,10.55,-0.51,-0.12,-0.01
20103,-0.12,0.07,10.52,-0.51,-0.12,-0.00
20147,-0.13,0.08,10.51,-0.51,-0.11,-0.00
20190,-0.13,0.07,10.52,-0.50,-0.11,-0.00
20234,-0.15,0.05,10.49,-0.49,-0.10,-0.01
20278,-0.18,0.04,10.44,-0.47,-0.09,-0.01
20321,-0.19,0.02,10.35,-0.45,-0.09,-0.01
20365,-0.20,0.01,10.29,-0.42,-0.08,-0.02
20409,-0.25,0.01,10.21,-0.38,-0.07,-0.02
20452,-0.25,0.01,10.16,-0.35,-0.06,-0.02
20496,-0.28,-0.01,10.09,-0.31,-0.05,-0.01
20541,-0.31,-0.00,10.04,-0.26,-0.05,-0.01
20585,-0.34,-0.01,9.95,-0.21,-0.04,0.00
20628,-0.38,-0.02,9.87,-0.16,-0.03,0.01
20671,-0.40,-0.04,9.88,-0.11,-0.02,0.02
20713,-0.41,-0.05,9.83,-0.07,-0.01,0.02
20756,-0.47,-0.06,9.81,-0.01,-0.00,0.03
20798,-0.47,-0.05,9.82,0.04,0.01,0.03
20839,-0.50,-0.06,9.84,0.09,0.01,0.03
20880,-0.54,-0.06,9.84,0.14,0.02,0.03
20920,-0.54,-0.06,9.90,0.19,0.02,0.03
20961,-0.57,-0.05,9.97,0.23,0.03,0.03
21001,-0.58,-0.06,10.04,0.27,0.03,0.04
21043,-0.61,-0.06,10.05,0.31,0.04,0.04
21085,-0.62,-0.06,10.16,0.35,0.04,0.04
21126,-0.64,-0.06,10.21,0.39,0.05,0.05
21168,-0.64,-0.06,10.30,0.42,0.05,0.06
21210,-0.63,-0.05,10.35,0.45,0.05,0.06
21251,-0.64,-0.05,10.39,0.47,0.05,0.07
21293,-0.65,-0.03,10.46,0.49,0.05,0.07
21334,-0.64,-0.03,10.51,0.50,0.05,0.07
21376,-0.64,-0.03,10.54,0.51,0.05,0.08
21417,-0.59,-0.02,10.54,0.52,0.05,0.07
21458,-0.60,-0.02,10.55,0.52,0.04,0.07
21500,-0.55,-0.02,10.52,0.51,0.04,0.06
21542,-0.51,-0.02,10.49,0.49,0.03,0.06
21583,-0.50,-0.00,10.46,0.48,0.03,0.05
21625,-0.46,0.02,10.39,0.46,0.02,0.05
21665,-0.42,0.04,10.34,0.44,0.02,0.05
21706,-0.39,0.03,10.28,0.41,0.02,0.05
21747,-0.34,0.06,10.22,0.37,0.01,0.05
21787,-0.30,0.07,10.15,0.33,0.00,0.05
21828,-0.30,0.06,10.10,0.30,-0.00,0.05
21870,-0.28,0.07,10.03,0.25,-0.01,0.05
21911,-0.23,0.06,10.00,0.21,-0.02,0.05
21953,-0.19,0.08,9.96,0.16,-0.02,0.04
21993,-0.18,0.08,9.88,0.12,-0.03,0.04
22034,-0.17,0.08,9.91,0.07,-0.04,0.03
22075,-0.16,0.08,9.89,0.01,-0.05,0.02
22115,-0.13,0.10,9.86,-0.03,-0.05,0.01
22157,-0.13,0.10,9.91,-0.08,-0.06,0.01
22198,-0.13,0.08,9.93,-0.13,-0.07,0.00
22240,-0.08,0.11,9.98,-0.18,-0.07,0.00
22282,-0.11,0.11,10.00,-0.23,-0.08,-0.00
22325,-0.09,0.13,10.07,-0.27,-0.08,-0.00
22369,-0.10,0.11,10.13,-0.32,-0.08,0.00
22412,-0.13,0.12,10.24,-0.36,-0.09,0.00
22454,-0.14,0.11,10.27,-0.39,-0.09,0.00
22497,-0.14,0.11,10.35,-0.42,-0.09,0.00
22540,-0.16,0.09,10.39,-0.45,-0.09,0.00
22582,-0.18,0.07,10.45,-0.47,-0.10,-0.01
22626,-0.22,0.09,10.48,-0.49,-0.10,-0.01
22670,-0.24,0.07,10.53,-0.50,-0.10,-0.02
22713,-0.25,0.06,10.54,-0.51,-0.09,-0.02
22757,-0.28,0.05,10.56,-0.51,-0.09,-0.02
22801,-0.30,0.02,10.54,-0.50,-0.09,-0.03
22844,-0.37,0.02,10.50,-0.49,-0.09,-0.02
22888,-0.39,0.02,10.47,-0.48,-0.09,-0.02
22931,-0.43,0.00,10.38,-0.46,-0.08,-0.02
22975,-0.45,0.00,10.29,-0.44,-0.08,-0.01
23019,-0.48,-0.01,10.25,-0.40,-0.07,-0.01
23063,-0.50,-0.02,10.18,-0.37,-0.07,-0.00
23108,-0.51,-0.04,10.11,-0.33,-0.06,0.00
23152,-0.55,-0.04,10.06,-0.29,-0.06,0.00
23195,-0.54,-0.05,9.96,-0.24,-0.05,0.00
23238,-0.56,-0.08,9.93,-0.20,-0.05,0.00
23281,-0.58,-0.08,9.85,-0.14,-0.04,0.00
23323,-0.59,-0.07,9.83,-0.09,-0.03,0.01
23366,-0.59,-0.07,9.84,-0.04,-0.03,0.01
23409,-0.60,-0.08,9.83,0.01,-0.02,0.01
23450,-0.62,-0.08,9.82,0.06,-0.02,0.02
23492,-0.61,-0.05,9.85,0.11,-0.01,0.03
23534,-0.60,-0.06,9.88,0.16,-0.01,0.03
23575,-0.59,-0.06,9.94,0.21,-0.00,0.04
23617,-0.60,-0.08,10.03,0.25,0.00,0.05
23658,-0.57,-0.07,10.05,0.29,0.01,0.05
23700,-0.56,-0.05,10.12,0.33,0.01,0.06
23742,-0.54,-0.07,10.17,0.37,0.02,0.06
23783,-0.52,-0.03,10.27,0.40,0.02,0.06
23825,-0.52,-0.03,10.31,0.43,0.02,0.06
23867,-0.51,-0.03,10.35,0.46,0.03,0.06
23908,-0.47,-0.01,10.43,0.48,0.03,0.05
23950,-0.45,-0.02,10.50,0.49,0.03,0.05
23991,-0.41,0.00,10.52,0.50,0.03,0.05
24032,-0.38,-0.00,10.52,0.51,0.03,0.05
24074,-0.37,0.02,10.52,0.51,0.03,0.06
24114,-0.32,0.03,10.51,0.51,0.03,0.06
24155,-0.30,0.04,10.50,0.50,0.03,0.06
24195,-0.26,0.06,10.48,0.49,0.03,0.06
24236,-0.23,0.07,10.42,0.47,0.03,0.06
24276,-0.20,0.04,10.39,0.45,0.03,0.06
24316,-0.19,0.06,10.34,0.42,0.03,0.06
24357,-0.17,0.07,10.27,0.39,0.02,0.05
24398,-0.15,0.07,10.21,0.36,0.02,0.05
24438,-0.13,0.09,10.16,0.32,0.02,0.04
24479,-0.13,0.09,10.10,0.28,0.01,0.03
24519,-0.12,0.09,9.99,0.24,0.01,0.03
24559,-0.11,0.11,9.98,0.19,0.00,0.03
24599,-0.11,0.09,9.93,0.15,-0.00,0.02
24639,-0.10,0.11,9.89,0.10,-0.01,0.02
24680,-0.11,0.12,9.90,0.06,-0.01,0.02
24720,-0.12,0.11,9.88,0.01,-0.02,0.02
24761,-0.12,0.10,9.91,-0.05,-0.03,0.02
24803,-0.13,0.12,9.89,-0.10,-0.03,0.02
24844,-0.14,0.11,9.92,-0.14,-0.04,0.02
24886,-0.17,0.10,9.96,-0.19,-0.04,0.01
24927,-0.18,0.09,10.03,-0.23,-0.05,0.01
24970,-0.21,0.08,10.08,-0.28,-0.06,0.00
25013,-0.24,0.08,10.13,-0.32,-0.06,-0.00
25056,-0.28,0.06,10.21,-0.36,-0.07,-0.01
25100,-0.31,0.06,10.28,-0.39,-0.07,-0.01
25144,-0.34,0.06,10.36,-0.42,-0.08,-0.02
25187,-0.38,0.05,10.41,-0.45,-0.08,-0.02
25231,-0.41,0.05,10.47,-0.47,-0.09,-0.02
25275,-0.45,0.04,10.50,-0.49,-0.09,-0.02
25318,-0.48,0.03,10.52,-0.50,-0.09,-0.02
25362,-0.50,0.03,10.52,-0.50,-0.10,-0.02
25406,-0.54,0.02,10.52,-0.50,-0.10,-0.02
25449,-0.57,-0.02,10.48,-0.50,-0.10,-0.01
25494,-0.57,0.00,10.44,-0.48,-0.10,-0.02
25538,-0.60,-0.02,10.44,-0.47,-0.10,-0.02
25582,-0.62,-0.01,10.35,-0.45,-0.10,-0.02
25627,-0.61,-0.04,10.29,-0.42,-0.09,-0.02
25672,-0.61,-0.05,10.23,-0.39,-0.09,-0.02
25716,-0.62,-0.06,10.15,-0.35,-0.09,-0.02
25761,-0.60,-0.06,10.06,-0.31,-0.09,-0.01
25806,-0.61,-0.04,10.00,-0.26,-0.08,-0.01
25850,-0.60,-0.07,9.96,-0.22,-0.08,0.00
25893,-0.59,-0.06,9.92,-0.17,-0.07,0.01
25936,-0.56,-0.09,9.86,-0.12,-0.07,0.01
25978,-0.55,-0.06,9.83,-0.07,-0.06,0.02
26021,-0.52,-0.06,9.84,-0.02,-0.05,0.03
26064,-0.49,-0.05,9.83,0.03,-0.05,0.03
26105,-0.50,-0.05,9.84,0.08,-0.04,0.03
26147,-0.47,-0.04,9.86,0.13,-0.03,0.03
26188,-0.44,-0.05,9.90,0.18,-0.02,0.03
26230,-0.40,-0.03,9.97,0.22,-0.02,0.04
26272,-0.40,-0.03,10.04,0.27,-0.01,0.04
26314,-0.37,-0.02,10.10,0.31,-0.00,0.04
26357,-0.34,-0.04,10.14,0.35,0.00,0.04
26399,-0.31,-0.00,10.23,0.38,0.01,0.05
26440,-0.29,0.02,10.31,0.41,0.02,0.05
26481,-0.26,0.02,10.37,0.44,0.02,0.05
26521,-0.24,0.03,10.43,0.46,0.03,0.06
26562,-0.24,0.04,10.46,0.48,0.04,0.06
26603,-0.20,0.04,10.48,0.49,0.04,0.06
26643,-0.20,0.04,10.53,0.50,0.04,0.06
26684,-0.21,0.05,10.52,0.50,0.05,0.06
26724,-0.16,0.06,10.52,0.50,0.05,0.06
26765,-0.16,0.07,10.50,0.50,0.05,0.05
26806,-0.15,0.06,10.49,0.49,0.05,0.05
26846,-0.12,0.09,10.48,0.47,0.05,0.05
26887,-0.12,0.08,10.43,0.45,0.05,0.04
26928,-0.14,0.09,10.36,0.43,0.05,0.04
26968,-0.12,0.09,10.30,0.40,0.05,0.04
27009,-0.14,0.11,10.27,0.37,0.05,0.04
27048,-0.15,0.11,10.19,0.34,0.05,0.04
27089,-0.15,0.10,10.13,0.30,0.04,0.04
27130,-0.17,0.10,10.07,0.26,0.04,0.04
27170,-0.17,0.10,10.01,0.22,0.03,0.04
27211,-0.19,0.09,9.94,0.17,0.02,0.04
27250,-0.23,0.07,9.90,0.13,0.02,0.03
27290,-0.24,0.07,9.92,0.08,0.01,0.03
27330,-0.24,0.06,9.91,0.04,0.00,0.02
27369,-0.28,0.07,9.90,-0.01,-0.00,0.02
27411,-0.34,0.05,9.90,-0.06,-0.01,0.01
27452,-0.33,0.05,9.91,-0.11,-0.02,0.01
27494,-0.37,0.06,9.95,-0.15,-0.03,0.00
27536,-0.39,0.05,9.96,-0.20,-0.04,-0.00
27578,-0.42,0.05,10.05,-0.24,-0.05,-0.00
27622,-0.45,0.06,10.08,-0.29,-0.06,-0.00
27666,-0.49,0.04,10.17,-0.33,-0.07,-0.01
27709,-0.52,0.06,10.20,-0.37,-0.07,-0.01
27753,-0.52,0.05,10.30,-0.40,-0.08,-0.01
27797,-0.56,0.02,10.33,-0.43,-0.09,-0.01
27840,-0.59,0.01,10.41,-0.45,-0.10,-0.01
27884,-0.63,0.00,10.47,-0.47,-0.10,-0.02
27928,-0.62,-0.00,10.47,-0.48,-0.11,-0.02
27972,-0.64,-0.01,10.49,-0.49,-0.12,-0.02
28017,-0.63,-0.01,10.49,-0.50,-0.12,-0.03
28062,-0.63,-0.02,10.49,-0.49,-0.12,-0.03
28106,-0.61,-0.02,10.48,-0.48,-0.12,-0.03
28151,-0.61,-0.02,10.43,-0.47,-0.13,-0.02
28196,-0.59,-0.02,10.41,-0.45,-0.12,-0.02
28240,-0.58,-0.00,10.34,-0.43,-0.12,-0.02
28285,-0.56,-0.04,10.30,-0.40,-0.12,-0.01
28331,-0.51,-0.02,10.21,-0.37,-0.12,-0.00
28375,-0.50,-0.03,10.11,-0.33,-0.11,0.00
28419,-0.45,-0.04,10.06,-0.28,-0.11,0.00
28463,-0.43,-0.01,9.97,-0.24,-0.10,0.01
28505,-0.40,-0.03,9.97,-0.20,-0.09,0.01
28548,-0.36,-0.04,9.89,-0.15,-0.09,0.01
28590,-0.34,0.00,9.87,-0.10,-0.08,0.01
28632,-0.32,-0.02,9.86,-0.05,-0.07,0.01
28675,-0.29,-0.03,9.85,-0.00,-0.06,0.02
28717,-0.27,-0.02,9.86,0.05,-0.05,0.02
28759,-0.24,-0.00,9.89,0.10,-0.04,0.03
28801,-0.23,0.00,9.93,0.14,-0.03,0.03
28840,-0.22,-0.01,9.93,0.18,-0.02,0.04
28882,-0.17,-0.02,9.99,0.23,-0.01,0.04
28924,-0.17,0.01,10.06,0.27,0.00,0.04
28964,-0.13,0.02,10.09,0.31,0.01,0.05
29005,-0.13,0.02,10.18,0.35,0.02,0.05
29045,-0.14,0.01,10.22,0.38,0.03,0.05
29086,-0.13,0.05,10.30,0.41,0.04,0.05
29127,-0.13,0.03,10.33,0.43,0.04,0.05
29167,-0.14,0.04,10.40,0.45,0.05,0.05
29208,-0.14,0.05,10.44,0.47,0.06,0.05
29248,-0.13,0.06,10.47,0.48,0.07,0.05
29289,-0.14,0.05,10.52,0.49,0.07,0.05
29330,-0.15,0.06,10.53,0.49,0.07,0.05
29370,-0.16,0.07,10.52,0.49,0.08,0.05
29411,-0.19,0.07,10.53,0.49,0.08,0.05
29451,-0.21,0.07,10.46,0.48,0.08,0.06
29492,-0.23,0.06,10.45,0.46,0.08,0.06
29533,-0.24,0.07,10.41,0.44,0.08,0.06
29573,-0.26,0.06,10.33,0.42,0.07,0.05
29614,-0.28,0.07,10.29,0.39,0.07,0.05
29654,-0.30,0.07,10.21,0.36,0.07,0.05
29694,-0.34,0.04,10.17,0.33,0.06,0.04
29735,-0.36,0.04,10.12,0.29,0.05,0.04
29775,-0.37,0.06,10.07,0.25,0.05,0.04
29816,-0.40,0.05,10.00,0.21,0.04,0.03
29857,-0.44,0.04,9.98,0.16,0.03,0.03
29896,-0.43,0.04,9.90,0.12,0.02,0.02
29936,-0.46,0.04,9.88,0.08,0.01,0.02
29975,-0.48,0.04,9.87,0.03,-0.00,0.02
30016,-0.51,0.03,9.86,-0.01,-0.01,0.02
30058,-0.52,0.04,9.88,-0.06,-0.02,0.02
30099,-0.54,0.02,9.90,-0.11,-0.03,0.02
30141,-0.54,0.01,9.96,-0.16,-0.05,0.01
30182,-0.57,0.03,9.93,-0.20,-0.06,0.01
30224,-0.59,0.02,10.00,-0.25,-0.07,0.00
30267,-0.59,0.01,10.09,-0.28,-0.08,-0.00
30310,-0.58,0.00,10.16,-0.32,-0.09,-0.01
30354,-0.60,0.01,10.22,-0.36,-0.10,-0.01
30398,-0.61,0.02,10.28,-0.39,-0.11,-0.02
30441,-0.58,0.04,10.31,-0.42,-0.12,-0.02
30485,-0.59,0.02,10.40,-0.44,-0.12,-0.02
30529,-0.58,0.02,10.45,-0.46,-0.13,-0.02
30572,-0.55,0.02,10.45,-0.47,-0.14,-0.02
30616,-0.55,0.03,10.49,-0.48,-0.14,-0.02
30660,-0.51,0.00,10.49,-0.49,-0.14,-0.02
30703,-0.49,0.02,10.51,-0.48,-0.14,-0.01
30747,-0.45,0.02,10.46,-0.47,-0.14,-0.01
30791,-0.44,0.00,10.42,-0.46,-0.14,-0.01
30834,-0.41,0.00,10.41,-0.44,-0.14,-0.01
30878,-0.37,0.01,10.33,-0.42,-0.13,-0.01
30922,-0.32,0.01,10.26,-0.39,-0.13,-0.01
30965,-0.32,0.01,10.19,-0.36,-0.12,-0.01
31009,-0.29,0.01,10.15,-0.33,-0.12,-0.01
31053,-0.24,0.01,10.10,-0.29,-0.11,-0.00
31096,-0.21,0.00,10.01,-0.25,-0.10,0.00
31139,-0.19,0.03,9.98,-0.20,-0.09,0.01
31180,-0.18,0.01,9.93,-0.16,-0.08,0.01
31222,-0.14,0.01,9.92,-0.11,-0.07,0.02
31264,-0.14,0.01,9.86,-0.07,-0.06,0.02
31305,-0.11,0.02,9.85,-0.02,-0.04,0.02
31347,-0.14,0.01,9.87,0.03,-0.03,0.03
31388,-0.11,0.03,9.88,0.08,-0.02,0.03
31428,-0.12,0.03,9.90,0.12,-0.01,0.03
31469,-0.11,0.00,9.93,0.17,0.00,0.03
31508,-0.11,0.04,9.96,0.21,0.01,0.03
31548,-0.10,0.01,10.01,0.25,0.02,0.03
31589,-0.13,0.04,10.08,0.29,0.03,0.04
31629,-0.15,0.02,10.14,0.33,0.04,0.04
31670,-0.16,0.03,10.20,0.36,0.05,0.04
31710,-0.19,0.04,10.27,0.39,0.06,0.04
31751,-0.19,0.03,10.32,0.41,0.07,0.05
31792,-0.23,0.02,10.39,0.44,0.07,0.05
31832,-0.24,0.04,10.42,0.45,0.08,0.05
31873,-0.27,0.01,10.45,0.47,0.08,0.06
31912,-0.29,0.04,10.49,0.48,0.09,0.06
31953,-0.33,0.05,10.52,0.48,0.09,0.06
31994,-0.36,0.03,10.52,0.48,0.09,0.06
32034,-0.37,0.03,10.51,0.48,0.09,0.06
32075,-0.41,0.04,10.46,0.47,0.09,0.05
32115,-0.42,0.01,10.47,0.46,0.08,0.05
32156,-0.46,0.00,10.40,0.45,0.08,0.05
32197,-0.46,0.02,10.35,0.42,0.08,0.05
32237,-0.50,0.02,10.27,0.40,0.07,0.05
32278,-0.51,0.03,10.24,0.37,0.06,0.05
32319,-0.53,0.02,10.19,0.34,0.05,0.05
32359,-0.55,0.03,10.11,0.30,0.05,0.05
32400,-0.55,0.04,10.06,0.27,0.04,0.05
32440,-0.57,0.04,10.02,0.23,0.03,0.04
32481,-0.56,0.01,9.96,0.18,0.02,0.04
32521,-0.58,0.03,9.91,0.14,-0.00,0.04
32561,-0.57,-0.01,9.93,0.10,-0.01,0.03
32603,-0.58,0.00,9.84,0.04,-0.02,0.03
32643,-0.59,-0.06,9.92,-0.02,-0.03,0.02
32686,-0.55,0.02,9.92,-0.04,-0.05,0.02
32728,-0.58,0.11,9.89,-0.09,-0.06,0.01
32769,-0.57,0.17,9.93,-0.12,-0.06,0.00
32811,-0.56,0.31,9.97,-0.17,-0.07,-0.00
32854,-0.58,0.37,9.98,-0.20,-0.09,-0.00
32896,-0.57,0.40,10.00,-0.25,-0.09,-0.00
32940,-0.51,0.51,10.07,-0.28,-0.10,-0.00
32984,-0.53,0.64,10.17,-0.30,-0.11,-0.00
33027,-0.55,0.70,10.24,-0.31,-0.11,0.01
33070,-0.55,0.77,10.19,-0.32,-0.11,0.00
33112,-0.54,0.88,10.19,-0.33,-0.12,0.01
33155,-0.51,0.96,10.24,-0.34,-0.11,0.00
33198,-0.49,0.94,10.29,-0.34,-0.11,0.00
33240,-0.47,0.98,10.21,-0.33,-0.11,0.00
33283,-0.45,0.90,10.24,-0.33,-0.10,-0.00
33327,-0.45,0.92,10.23,-0.30,-0.10,-0.00
33370,-0.48,0.99,10.21,-0.29,-0.10,0.00
33413,-0.50,1.04,10.24,-0.27,-0.10,0.01
33456,-0.41,1.02,10.18,-0.25,-0.09,0.01
33498,-0.39,0.92,10.16,-0.23,-0.08,0.00
33541,-0.37,0.89,10.15,-0.20,-0.07,0.01
33584,-0.35,0.79,10.09,-0.17,-0.07,0.00
33626,-0.31,0.73,10.09,-0.14,-0.06,0.01
33669,-0.33,0.65,10.08,-0.12,-0.05,0.01
33711,-0.29,0.51,10.09,-0.09,-0.05,0.01
33754,-0.27,0.41,10.07,-0.07,-0.04,0.02
33797,-0.25,0.31,10.06,-0.06,-0.03,0.02
33839,-0.22,0.13,10.05,-0.04,-0.03,0.02
33882,-0.25,0.06,10.08,-0.02,-0.03,0.02
33925,-0.25,0.01,10.05,0.00,-0.02,0.03
33966,-0.24,-0.00,10.06,0.01,-0.02,0.03
34009,-0.25,0.02,10.07,0.03,-0.02,0.03
34051,-0.27,0.04,10.05,0.03,-0.01,0.02
34092,-0.27,0.01,10.06,0.05,-0.01,0.02
34134,-0.30,0.02,10.07,0.06,-0.01,0.02
34174,-0.29,0.04,10.07,0.08,-0.00,0.02
34216,-0.32,0.00,10.08,0.09,-0.00,0.02
34258,-0.34,-0.00,10.07,0.10,0.00,0.02
34299,-0.35,0.02,10.07,0.11,0.00,0.02
34340,-0.39,0.02,10.14,0.11,0.00,0.03
34381,-0.41,-0.04,10.10,0.11,0.00,0.03
34422,-0.45,0.07,10.21,0.13,-0.01,0.03
34464,-0.41,-0.11,10.07,0.11,0.02,0.03
34505,0.01,-1.69,10.05,0.11,0.05,-0.03
34547,-0.45,-0.50,10.10,0.08,0.01,0.05
34589,-0.30,-0.66,10.59,0.05,-0.04,0.05
34631,-0.42,-1.34,9.52,0.08,-0.02,0.04
34673,-0.41,-0.74,10.30,0.02,0.02,0.04
34715,-0.11,-0.58,10.48,0.01,-0.07,0.05
34757,-0.51,-0.70,9.64,0.03,-0.04,0.01
34799,-0.35,-0.04,10.07,0.01,0.00,-0.00
34841,-0.33,0.21,10.23,-0.03,-0.05,-0.01
34885,-0.38,-0.04,10.09,-0.01,-0.04,-0.01
34930,-0.36,0.19,10.28,0.02,-0.03,-0.01
34972,-0.34,0.16,10.05,-0.01,-0.04,-0.00
35016,-0.38,-0.11,10.10,0.03,-0.02,0.02
35059,-0.44,0.19,10.38,0.01,-0.04,0.03
35100,-0.38,0.12,10.02,-0.08,-0.09,0.03
35143,-0.34,-0.20,9.89,-0.08,-0.07,0.05
35186,-0.28,-0.17,10.05,0.01,-0.02,0.06
35228,-0.30,0.19,9.94,0.00,-0.03,0.06
35269,-0.43,0.06,10.44,-0.05,-0.04,0.03
35311,-0.18,-0.04,10.22,0.01,-0.04,0.03
35354,-0.25,0.03,9.89,0.07,-0.04,0.02
35395,-0.40,-0.02,10.12,0.00,-0.03,0.00
35437,-0.21,-0.03,10.02,-0.06,-0.04,-0.02
35482,-0.21,0.03,9.96,-0.01,-0.04,-0.02
35525,-0.30,0.03,10.26,0.03,-0.02,-0.01
35567,-0.26,0.11,10.06,0.01,-0.03,-0.00
35610,-0.28,0.07,9.96,-0.00,-0.04,0.01
35652,-0.28,0.09,10.22,0.01,-0.01,0.03
35693,-0.23,0.11,10.19,0.02,-0.03,0.05
35735,-0.31,0.06,10.11,-0.02,-0.04,0.05
35777,-0.28,-0.03,9.98,-0.00,-0.02,0.05
35820,-0.22,-0.09,9.92,0.03,-0.01,0.05
35862,-0.31,0.17,10.10,0.04,-0.01,0.05
35903,-0.26,0.06,10.14,0.01,-0.02,0.03
35945,-0.24,-0.13,10.00,0.01,-0.02,0.01
35988,-0.33,-0.02,10.11,0.02,-0.02,0.00
36030,-0.35,0.05,10.09,-0.00,-0.02,-0.00
36074,-0.36,-0.13,10.14,0.01,-0.02,-0.01
36118,-0.30,-0.06,10.07,0.03,-0.01,-0.00
36161,-0.37,0.03,10.13,0.03,-0.03,0.01
36203,-0.40,-0.09,10.10,-0.02,-0.03,0.02
36247,-0.31,-0.10,10.01,-0.02,-0.02,0.03
36290,-0.31,-0.04,9.99,0.00,-0.03,0.04
36332,-0.37,-0.05,10.16,-0.00,-0.02,0.04
36375,-0.27,-0.03,10.08,-0.00,-0.02,0.04
36419,-0.33,0.00,9.97,0.01,-0.03,0.03
36460,-0.40,-0.04,10.19,0.00,-0.03,0.02
36502,-0.33,0.03,10.07,-0.02,-0.03,0.01
36545,-0.33,0.14,9.98,-0.02,-0.02,0.01
36587,-0.40,-0.01,10.24,-0.00,-0.02,0.00
36630,-0.37,0.02,10.10,0.02,-0.03,0.00
36672,-0.37,0.04,10.06,0.01,-0.03,0.01
36714,-0.40,0.03,10.12,0.00,-0.02,0.01
36755,-0.36,0.04,10.09,0.01,-0.03,0.02
36797,-0.40,0.10,10.06,-0.00,-0.03,0.02
36839,-0.40,0.03,10.07,-0.00,-0.03,0.03
36882,-0.36,-0.00,10.05,0.01,-0.03,0.04
36925,-0.37,0.05,10.11,0.02,-0.03,0.04
36966,-0.40,0.03,10.12,0.01,-0.03,0.03
37008,-0.38,-0.02,10.07,0.01,-0.03,0.03
37051,-0.33,-0.07,10.03,0.01,-0.03,0.02
37093,-0.41,-0.05,9.98,0.00,-0.04,0.01
37135,-0.38,-0.05,10.12,0.00,-0.02,0.01
37178,-0.33,-0.04,10.14,0.02,-0.03,0.01
37220,-0.38,-0.02,10.13,0.03,-0.04,0.01
37263,-0.39,-0.04,10.03,-0.00,-0.03,0.01
37306,-0.35,-0.01,10.05,-0.01,-0.03,0.01
37350,-0.34,0.00,10.12,0.00,-0.03,0.02
37392,-0.34,-0.02,10.12,0.01,-0.03,0.03
37434,-0.31,-0.01,10.06,0.01,-0.03,0.03
37477,-0.33,0.03,9.98,-0.00,-0.04,0.03
37519,-0.31,-0.03,10.13,-0.00,-0.03,0.03
37562,-0.30,0.04,10.12,-0.01,-0.03,0.03
37605,-0.31,0.07,10.13,-0.00,-0.03,0.02
37648,-0.31,0.01,10.06,-0.00,-0.03,0.02
37690,-0.30,0.02,10.13,0.01,-0.03,0.01
37732,-0.35,0.04,10.12,0.01,-0.03,0.01
37773,-0.33,-0.02,10.12,0.01,-0.03,0.01
37816,-0.33,0.02,10.07,-0.00,-0.03,0.01
37859,-0.33,0.05,10.09,-0.00,-0.03,0.02
37901,-0.28,-0.01,10.05,0.00,-0.03,0.02
37944,-0.31,0.02,10.06,0.00,-0.03,0.02
37986,-0.33,0.05,10.08,0.01,-0.03,0.03
38027,-0.31,0.01,10.13,0.01,-0.02,0.03
38069,-0.29,0.01,10.14,0.01,-0.03,0.03
38111,-0.35,0.05,10.09,0.01,-0.02,0.03
38152,-0.29,0.03,10.08,-0.00,-0.03,0.03
38195,-0.34,-0.00,10.11,0.01,-0.03,0.02
38237,-0.33,-0.01,10.07,0.01,-0.02,0.02
38280,-0.30,0.00,10.05,0.01,-0.02,0.02
38322,-0.35,0.01,10.08,0.00,-0.03,0.01
38363,-0.35,0.02,10.07,-0.00,-0.02,0.01
38406,-0.32,0.03,10.07,0.00,-0.02,0.01
38448,-0.35,0.02,10.12,0.01,-0.03,0.02
38489,-0.34,0.01,10.11,0.01,-0.02,0.02
38531,-0.33,0.02,10.07,0.01,-0.03,0.03
38572,-0.36,-0.02,10.09,0.01,-0.03,0.03
38615,-0.35,0.02,10.09,-0.00,-0.02,0.03
38658,-0.34,-0.18,10.28,0.02,-0.07,0.03
38700,-0.46,-0.17,10.10,0.01,-0.04,0.03
38743,-0.32,-0.01,9.98,0.00,-0.00,0.02
38785,-0.41,-0.00,10.12,0.02,-0.05,0.02
38827,-0.43,-0.10,10.07,0.01,-0.02,0.02
38870,-0.29,-0.12,9.90,-0.01,-0.02,0.02
38913,-0.39,-0.12,9.99,-0.02,-0.03,0.01
38955,-0.53,-0.06,10.07,-0.04,-0.03,0.01
38999,-0.24,0.14,10.12,0.00,-0.02,0.01
39041,-0.35,0.07,10.01,0.00,-0.05,0.02
