410,-0.45,-1.72,10.21,-0.45,0.05,-0.00
446,-0.47,-1.75,10.29,-0.46,0.05,-0.02
481,-0.54,-1.74,10.21,-0.46,0.06,-0.02
517,-0.57,-1.73,10.18,-0.45,0.05,-0.01
551,-0.46,-1.80,10.20,-0.46,0.05,-0.01
587,-0.55,-1.86,10.29,-0.44,0.05,-0.01
625,-0.53,-1.80,10.14,-0.43,0.04,-0.00
667,-0.47,-1.79,10.08,-0.41,0.04,-0.01
709,-0.50,-1.75,10.02,-0.40,0.04,-0.00
750,-0.48,-1.81,9.97,-0.38,0.04,0.00
790,-0.48,-1.87,9.96,-0.34,0.04,0.01
829,-0.51,-1.78,9.94,-0.30,0.02,0.01
869,-0.37,-1.81,9.73,-0.26,0.01,0.01
909,-0.50,-1.79,9.68,-0.20,-0.02,0.01
949,-0.48,-1.93,9.77,-0.18,-0.01,0.03
990,-0.43,-1.95,9.64,-0.14,-0.03,0.02
1030,-0.46,-1.93,9.69,-0.07,-0.02,0.03
1072,-0.34,-1.90,9.54,-0.01,-0.03,0.03
1114,-0.45,-2.16,9.60,0.05,-0.03,0.03
1154,-0.34,-1.62,9.77,0.11,-0.04,-0.02
1196,-0.48,-1.85,9.78,0.15,-0.06,0.03
1236,-0.35,-1.74,9.69,0.17,-0.07,0.03
1276,-0.40,-1.65,9.73,0.14,-0.05,0.01
1317,-0.49,-1.51,9.63,0.17,-0.07,0.00
1357,-0.39,-1.71,9.90,0.18,-0.10,0.01
1398,-0.43,-1.99,9.94,0.25,-0.08,0.04
1439,-0.46,-1.84,9.98,0.33,-0.10,0.05
1479,-0.40,-1.84,10.10,0.36,-0.10,0.05
1521,-0.36,-1.77,9.84,0.36,-0.09,0.05
1561,-0.39,-1.87,9.94,0.36,-0.09,0.04
1602,-0.55,-1.98,10.22,0.39,-0.11,0.04
1644,-0.45,-2.05,10.32,0.46,-0.12,0.05
1685,-0.36,-1.91,10.25,0.50,-0.12,0.05
1727,-0.46,-1.97,10.19,0.54,-0.12,0.06
1769,-0.32,-1.84,10.02,0.52,-0.11,0.06
1810,-0.57,-1.86,10.35,0.52,-0.12,0.06
1852,-0.48,-1.69,10.44,0.50,-0.13,0.08
1893,-0.44,-1.69,10.08,0.47,-0.12,0.08
1935,-0.40,-1.94,10.06,0.45,-0.10,0.06
1977,-0.56,-2.16,10.44,0.46,-0.08,0.05
2018,-0.28,-1.10,10.32,0.44,-0.10,-0.01
2061,-0.46,-1.41,10.15,0.38,-0.10,0.03
2103,-0.34,-1.43,9.81,0.33,-0.07,0.03
2143,-0.44,-1.35,9.84,0.23,-0.07,0.01
2184,-0.53,-1.61,9.94,0.18,-0.07,0.02
2224,-0.46,-1.39,10.10,0.15,-0.06,0.04
2266,-0.50,-1.18,10.13,0.12,-0.05,0.03
2308,-0.49,-1.67,9.89,0.10,-0.03,0.11
2348,-0.54,-1.45,9.84,0.02,-0.06,0.07
2388,-0.41,-1.56,9.76,-0.01,-0.04,0.05
2429,-0.45,-1.61,9.91,-0.01,-0.01,0.05
2471,-0.54,-1.89,10.09,0.01,0.00,0.08
2512,-0.49,-1.65,9.59,-0.02,0.01,0.02
2552,-0.57,-1.67,9.81,-0.11,0.05,-0.01
2594,-0.53,-1.56,10.33,-0.19,0.05,-0.01
2637,-0.55,-1.44,10.08,-0.24,0.03,-0.01
2679,-0.59,-1.60,9.91,-0.29,0.03,-0.00
2721,-0.60,-1.57,9.98,-0.35,0.04,-0.01
2762,-0.67,-1.51,10.41,-0.40,0.04,-0.01
2805,-0.56,-1.65,10.21,-0.42,0.05,-0.01
2848,-0.51,-1.68,10.04,-0.45,0.03,-0.00
2890,-0.72,-2.29,10.21,-0.48,0.04,-0.04
2933,-0.62,-1.54,10.27,-0.41,0.05,-0.08
2976,-0.47,-1.60,10.53,-0.43,0.04,-0.06
3018,-0.38,-1.58,10.28,-0.43,0.04,-0.01
3061,-0.64,-1.58,10.18,-0.44,0.05,-0.01
3104,-0.50,-1.53,10.37,-0.47,0.06,-0.05
3146,-0.40,-1.56,10.31,-0.46,0.02,-0.03
3189,-0.31,-1.44,9.95,-0.47,0.02,-0.05
3231,-0.47,-1.50,10.12,-0.46,0.03,-0.02
3273,-0.21,-1.70,10.02,-0.43,0.02,-0.07
3316,-0.43,-1.75,10.07,-0.42,0.01,-0.04
3358,-0.40,-1.78,9.82,-0.38,0.01,-0.00
3400,-0.34,-2.14,9.68,-0.36,-0.01,-0.03
3443,-0.32,-1.91,9.94,-0.25,-0.00,-0.01
3485,-0.21,-1.86,9.84,-0.16,-0.00,0.03
3527,-0.25,-1.75,9.78,-0.11,0.00,0.02
3568,-0.31,-1.75,9.64,-0.08,-0.01,0.03
3609,-0.34,-1.77,9.48,-0.09,-0.01,0.05
3651,-0.51,-1.83,9.77,-0.00,-0.03,-0.02
3693,-0.27,-1.62,9.56,-0.01,-0.01,-0.00
3736,-0.41,-1.81,9.94,0.11,-0.05,0.03
3777,-0.39,-1.86,9.78,0.17,-0.07,0.03
3817,-0.48,-2.09,9.64,0.15,-0.08,0.03
3858,-0.26,-1.74,9.54,0.17,-0.08,0.11
3899,-0.42,-2.21,9.72,0.14,-0.06,0.00
3939,-0.17,-1.46,9.51,-0.31,0.21,-0.24
3981,-0.57,-1.91,10.72,0.31,-0.04,-0.01
4023,-0.49,-1.77,10.13,0.66,-0.18,0.05
4065,-0.29,-1.56,9.73,0.46,-0.11,0.04
4106,-0.44,-1.89,10.09,0.43,-0.10,0.04
4147,-0.54,-2.09,10.08,0.45,-0.13,0.06
4189,-0.28,-2.13,10.15,0.51,-0.14,0.06
4231,-0.45,-1.72,10.37,0.56,-0.14,0.04
4272,-0.40,-1.74,10.15,0.61,-0.16,0.00
4314,-0.39,-1.70,10.42,0.44,-0.10,-0.06
4356,-0.35,-1.68,10.29,0.62,-0.16,0.00
4398,-0.23,-2.10,10.25,0.45,-0.11,0.01
4440,-0.43,-1.67,10.28,0.53,-0.09,0.03
4481,-0.42,-1.78,10.31,0.47,-0.09,0.05
4523,-0.47,-2.25,10.10,0.39,-0.08,0.03
4564,-0.23,-1.24,10.20,0.45,-0.10,0.01
4605,-0.37,-1.76,9.89,0.39,-0.05,0.13
4646,-0.24,-1.96,10.25,0.32,-0.06,0.23
4687,-0.57,-1.46,10.18,0.33,-0.07,0.14
4729,-0.54,-1.37,10.06,0.37,-0.03,0.06
4771,-0.37,-0.90,9.59,0.25,-0.01,0.11
4811,-0.23,-1.08,9.34,0.08,-0.03,0.14
4852,-0.35,-2.05,9.95,-0.03,-0.01,0.06
4893,-0.56,-1.59,10.15,-0.10,-0.02,0.02
4936,-0.55,-1.78,10.23,-0.19,0.05,0.01
4978,-0.58,-1.82,10.12,-0.02,-0.03,0.02
5020,-0.53,-1.82,9.83,-0.07,-0.05,0.02
5062,-0.42,-1.78,10.06,-0.12,-0.04,0.01
5105,-0.49,-1.72,9.88,-0.13,-0.01,0.03
5146,-0.44,-1.68,9.95,-0.23,-0.00,0.04
5188,-0.45,-1.69,9.85,-0.25,-0.01,0.04
5230,-0.48,-1.82,9.83,-0.36,0.01,0.03
5270,-0.54,-1.94,10.20,-0.39,0.05,0.02
5312,-0.67,-1.87,10.39,-0.39,0.04,0.01
5353,-0.52,-1.96,10.25,-0.40,0.03,-0.01
5396,-0.53,-1.84,10.13,-0.42,0.03,-0.03
5439,-0.57,-1.84,10.25,-0.46,0.04,-0.01
5481,-0.43,-1.98,10.26,-0.49,0.05,-0.00
5524,-0.56,-1.98,10.50,-0.51,0.04,0.01
5566,-0.36,-1.92,10.20,-0.50,0.04,0.03
5607,-0.35,-2.07,10.22,-0.53,0.08,0.01
5649,-0.60,-2.06,10.18,-0.53,0.06,-0.01
5691,-0.53,-2.14,10.10,-0.53,0.05,-0.01
5734,-0.28,-2.05,10.22,-0.49,0.08,-0.04
5777,-0.55,-2.09,9.90,-0.49,0.05,-0.04
5818,-0.49,-2.28,9.84,-0.52,0.06,-0.01
5860,-0.46,-2.35,10.04,-0.47,0.07,0.01
5902,-0.45,-2.32,10.02,-0.40,0.04,0.02
5943,-0.53,-2.21,9.85,-0.34,0.03,0.03
5984,-0.50,-2.14,9.58,-0.30,0.02,0.04
6024,-0.42,-2.09,9.54,-0.29,0.02,0.03
6065,-0.44,-2.03,9.42,-0.25,0.01,0.01
6106,-0.48,-2.13,9.52,-0.21,-0.01,0.01
6147,-0.42,-2.15,9.35,-0.15,-0.04,0.01
6189,-0.31,-2.10,9.23,-0.10,-0.04,-0.00
6232,-0.38,-2.04,9.33,-0.00,-0.03,0.01
6273,-0.41,-2.08,9.32,0.08,-0.04,0.03
6313,-0.34,-2.29,9.52,0.17,-0.04,0.03
6353,-0.48,-2.32,9.93,0.25,-0.04,0.01
6394,-0.44,-2.23,10.10,0.30,-0.01,0.00
6436,-0.54,-1.95,9.93,0.32,-0.05,0.00
6476,-0.49,-1.79,9.51,0.29,-0.08,0.02
6517,-0.40,-1.69,9.37,0.23,-0.10,0.06
6557,-0.40,-1.95,9.95,0.25,-0.11,0.08
6598,-0.40,-2.03,10.12,0.30,-0.11,0.06
6640,-0.49,-2.07,10.20,0.42,-0.12,0.07
6681,-0.50,-2.04,10.32,0.44,-0.10,0.06
6723,-0.43,-1.77,9.94,0.49,-0.11,0.06
6764,-0.47,-1.94,9.92,0.46,-0.12,0.05
6804,-0.38,-1.93,10.25,0.51,-0.14,0.03
6846,-0.61,-2.13,10.65,0.60,-0.16,0.05
6887,-0.28,-2.21,10.36,0.66,-0.16,0.07
6929,-0.37,-1.66,10.40,0.58,-0.12,0.11
6971,-0.69,-2.52,10.41,0.57,-0.16,0.08
7012,-0.31,-2.05,10.15,0.55,-0.13,-0.09
7055,-0.42,-1.59,10.61,0.55,-0.10,-0.10
7098,-0.36,-1.78,10.45,0.55,-0.14,-0.02
7140,-0.36,-1.48,10.25,0.57,-0.14,0.03
7182,-0.43,-1.63,10.07,0.48,-0.13,0.10
7223,-0.36,-1.62,10.26,0.41,-0.09,0.12
7265,-0.41,-1.73,10.28,0.40,-0.08,0.08
7307,-0.49,-1.39,10.09,0.35,-0.10,0.02
7348,-0.23,-1.41,9.85,0.31,-0.10,-0.02
7390,-0.45,-1.27,9.68,0.22,-0.06,0.01
7431,-0.26,-1.24,10.09,0.13,-0.06,0.00
7472,-0.34,-1.12,9.86,0.06,-0.03,0.04
7513,-0.42,-1.73,11.18,0.07,-0.03,0.08
7554,-0.18,-1.84,9.72,0.15,-0.05,0.04
7595,-0.20,-1.14,9.83,-0.01,0.02,-0.01
7636,-0.30,-1.40,9.79,-0.12,0.00,0.01
7676,-0.50,-1.53,10.11,-0.16,0.04,0.06
7718,-0.57,-1.63,10.36,-0.19,0.05,0.09
7760,-0.43,-1.54,9.99,-0.22,0.04,0.07
7800,-0.49,-1.52,10.05,-0.27,0.05,0.03
7842,-0.38,-1.42,9.59,-0.38,0.04,0.01
7882,-0.48,-1.63,10.68,-0.42,0.05,0.01
7924,-0.42,-1.55,9.92,-0.46,0.06,0.01
7965,-0.47,-1.67,9.96,-0.52,0.04,0.03
8005,-0.75,-2.10,10.78,-0.60,0.08,0.04
8047,-0.77,-1.90,10.18,-0.58,0.03,0.05
8088,-0.60,-2.05,10.36,-0.61,0.08,0.05
8130,-0.45,-1.90,10.40,-0.56,0.12,0.06
8172,-0.40,-1.92,10.08,-0.55,0.08,0.06
8213,-0.33,-2.07,10.28,-0.59,0.13,0.01
8255,-0.65,-2.03,10.42,-0.55,0.14,-0.03
8298,-0.51,-1.92,10.12,-0.57,0.09,-0.02
8340,-0.61,-2.12,10.49,-0.56,0.10,-0.02
8383,-0.50,-2.03,9.80,-0.55,0.08,-0.01
8425,-0.42,-2.12,10.02,-0.50,0.14,-0.02
8467,-0.72,-1.98,10.09,-0.48,0.07,0.01
8509,-0.45,-2.16,9.65,-0.40,0.09,0.02
8549,-0.62,-1.99,9.83,-0.35,0.08,0.00
8590,-0.58,-2.03,9.98,-0.30,0.02,0.00
8631,-0.38,-1.90,9.31,-0.25,0.04,0.00
8671,-0.74,-1.92,9.39,-0.24,0.03,0.01
8712,-0.73,-2.07,9.53,-0.19,0.00,0.03
8752,-0.38,-2.09,9.43,-0.12,-0.01,0.03
8794,-0.50,-2.05,9.50,-0.04,-0.01,0.04
8836,-0.69,-2.04,9.55,0.09,0.02,0.04
8875,-0.94,-1.94,9.81,0.11,-0.01,0.05
8915,-0.79,-1.97,9.44,0.21,-0.09,0.07
8956,-0.64,-1.85,9.45,0.25,-0.08,0.06
8996,-0.68,-1.71,9.84,0.26,-0.09,0.04
9037,-0.65,-1.51,9.57,0.29,-0.08,0.03
9077,-0.72,-1.27,9.89,0.24,-0.09,0.02
9118,-0.55,-1.48,9.74,0.28,-0.13,0.03
9159,-0.51,-1.63,9.86,0.27,-0.12,0.02
9199,-0.65,-1.95,9.87,0.24,-0.14,0.15
9240,-1.01,-2.07,10.16,0.35,-0.17,0.15
9281,-0.50,-1.58,10.14,0.47,-0.19,0.01
9323,-0.75,-1.79,10.33,0.52,-0.18,0.01
9365,-0.61,-1.65,10.17,0.53,-0.18,0.00
9406,-0.61,-1.82,10.56,0.54,-0.17,-0.01
9449,-0.51,-1.60,10.27,0.54,-0.19,0.02
9491,-0.65,-1.99,10.60,0.57,-0.21,0.08
9532,-0.31,-1.96,10.40,0.60,-0.22,0.08
9574,-0.55,-2.08,10.59,0.61,-0.19,0.06
9615,-0.45,-1.87,10.41,0.62,-0.16,0.07
9657,-0.41,-1.75,10.48,0.58,-0.13,0.07
9699,-0.35,-1.58,10.53,0.58,-0.17,0.05
9740,-0.34,-1.56,10.44,0.57,-0.17,0.03
9782,-0.34,-1.57,10.08,0.54,-0.15,0.05
9824,-0.31,-1.50,10.08,0.46,-0.13,0.05
9865,-0.51,-1.40,10.23,0.43,-0.08,0.05
9907,-0.36,-1.30,10.06,0.33,-0.11,0.08
9948,-0.35,-1.24,10.02,0.31,-0.12,0.07
9990,-0.32,-1.22,9.99,0.23,-0.08,-0.08
10032,-0.28,-2.16,9.21,0.21,-0.04,0.24
10073,-0.39,-1.57,10.08,0.10,-0.05,0.03
10116,-0.31,-1.45,9.75,0.06,-0.05,0.03
10158,-0.30,-1.52,9.87,0.01,-0.02,0.03
10199,-0.40,-1.50,10.00,-0.03,0.01,0.03
10242,-0.33,-1.35,9.55,-0.08,0.03,0.04
10283,-0.57,-1.51,10.30,-0.14,0.03,0.05
10326,-0.45,-1.39,9.75,-0.24,0.02,0.04
10368,-0.49,-1.52,10.23,-0.30,0.05,0.02
10409,-0.51,-1.45,9.99,-0.36,0.05,0.01
10451,-0.47,-1.55,10.28,-0.41,0.03,0.02
10494,-0.25,-1.58,10.01,-0.45,0.06,0.04
10536,-0.17,-1.70,10.36,-0.53,0.14,0.03
10579,-0.57,-1.56,10.35,-0.56,0.12,0.03
10622,-0.79,-1.75,10.52,-0.60,0.09,0.03
10664,-0.72,-1.64,10.09,-0.63,0.11,0.05
10707,-0.60,-1.98,10.51,-0.65,0.14,0.05
10749,-0.52,-2.06,10.52,-0.65,0.15,0.03
10792,-0.45,-2.11,10.33,-0.66,0.12,-0.00
10836,-0.67,-2.01,10.37,-0.64,0.16,-0.02
10880,-0.86,-2.03,10.62,-0.59,0.17,0.03
10923,-0.56,-2.09,10.20,-0.59,0.12,0.01
10966,-0.73,-2.07,10.36,-0.55,0.15,-0.01
11009,-0.69,-1.92,10.04,-0.55,0.11,-0.01
11053,-0.68,-2.05,9.93,-0.52,0.12,-0.01
11096,-0.60,-2.00,9.99,-0.51,0.11,-0.01
11138,-0.82,-2.13,10.09,-0.45,0.09,-0.00
11182,-0.69,-2.10,9.57,-0.41,0.07,-0.00
11225,-0.66,-2.15,9.68,-0.33,0.07,-0.01
11267,-0.75,-2.01,9.49,-0.29,0.07,0.00
11309,-0.57,-1.93,9.08,-0.21,0.01,0.02
11350,-0.58,-1.97,9.36,-0.23,0.08,0.00
11392,-0.79,-1.95,9.39,-0.09,0.04,0.02
11433,-0.81,-2.27,9.27,-0.01,-0.03,0.02
11475,-0.68,-1.92,9.15,0.27,-0.12,0.03
11517,-0.95,-2.38,10.10,0.29,-0.11,0.04
11560,-0.59,-2.00,9.40,0.33,-0.12,0.02
11601,-0.73,-1.61,9.91,0.34,-0.10,0.00
11643,-0.70,-1.45,9.42,0.32,-0.12,0.04
11685,-0.48,-1.36,9.37,0.31,-0.15,0.07
11726,-0.78,-1.53,9.88,0.31,-0.14,0.07
11768,-0.62,-1.71,10.16,0.35,-0.17,0.07
11810,-0.55,-1.58,9.86,0.39,-0.17,0.04
11852,-0.70,-1.61,10.12,0.43,-0.16,0.05
11895,-0.78,-1.79,10.01,0.49,-0.15,0.06
11937,-0.77,-1.96,10.38,0.54,-0.20,0.07
11980,-0.57,-2.10,10.64,0.65,-0.23,0.05
12023,-0.65,-1.69,10.58,0.72,-0.23,0.03
12065,-0.75,-1.41,10.90,0.71,-0.24,0.05
12108,-0.38,-1.18,9.94,0.65,-0.25,0.06
12150,-0.31,-1.41,10.27,0.56,-0.22,0.02
12192,-0.40,-1.71,10.77,0.53,-0.21,-0.01
12236,-0.52,-1.86,10.93,0.57,-0.20,-0.01
12279,-0.32,-1.83,10.72,0.60,-0.18,0.02
12322,-0.36,-1.83,10.66,0.60,-0.16,0.05
12365,-0.18,-1.59,10.08,0.56,-0.17,0.04
12407,-0.60,-1.54,10.54,0.50,-0.15,0.04
12450,-0.32,-1.50,10.04,0.46,-0.17,0.04
12493,-0.14,-1.64,10.08,0.38,-0.12,0.02
12535,-0.42,-1.61,10.30,0.38,-0.13,0.04
12578,-0.27,-1.63,9.76,0.32,-0.11,0.04
12620,-0.23,-1.60,9.83,0.29,-0.08,0.03
12661,-0.28,-1.41,9.93,0.20,-0.06,0.02
12703,-0.28,-1.34,9.63,0.09,-0.04,0.02
12744,-0.28,-1.45,9.77,0.00,-0.02,0.02
12786,-0.27,-1.52,9.81,-0.04,-0.00,0.02
12829,-0.38,-1.70,10.11,-0.07,0.02,0.02
12871,-0.26,-1.55,9.61,-0.12,0.04,0.02
12913,-0.45,-1.53,10.31,-0.20,0.06,0.02
12956,-0.44,-1.31,9.70,-0.25,0.05,0.02
12997,-0.43,-1.45,10.12,-0.38,0.06,0.01
13040,-0.37,-1.44,10.15,-0.41,0.09,0.00
13083,-0.46,-1.45,10.47,-0.51,0.12,0.00
13125,-0.53,-1.43,10.29,-0.53,0.11,0.03
13168,-0.61,-1.71,10.59,-0.61,0.15,0.03
13210,-0.62,-1.58,10.20,-0.62,0.15,0.01
13253,-0.52,-1.71,10.30,-0.71,0.16,-0.01
13297,-0.73,-1.82,10.85,-0.68,0.18,-0.00
13340,-0.78,-1.87,10.52,-0.67,0.12,0.01
13383,-0.68,-2.07,10.69,-0.71,0.16,-0.00
13427,-0.68,-1.96,10.59,-0.71,0.18,-0.00
13470,-0.66,-2.06,10.29,-0.74,0.15,0.00
13513,-0.87,-2.14,10.64,-0.71,0.17,-0.02
13557,-0.82,-2.09,10.01,-0.65,0.16,-0.03
13600,-0.94,-2.22,10.35,-0.65,0.12,-0.00
13644,-0.71,-2.29,10.12,-0.59,0.12,0.01
13687,-0.63,-2.16,10.01,-0.55,0.13,0.01
13729,-0.87,-2.24,9.95,-0.49,0.10,0.02
13771,-0.81,-2.04,9.63,-0.49,0.06,0.02
13812,-0.67,-2.20,9.70,-0.43,0.07,0.01
13854,-0.71,-2.08,9.29,-0.38,0.05,0.01
13896,-0.68,-2.18,9.16,-0.32,0.02,0.01
13937,-0.62,-2.30,9.42,-0.19,0.04,0.02
13979,-0.69,-2.19,9.29,-0.08,-0.01,0.01
14022,-0.69,-2.23,8.90,0.03,-0.03,-0.00
14064,-0.68,-1.96,9.24,0.10,-0.02,0.01
14106,-0.72,-1.92,8.98,0.19,-0.08,0.02
14148,-0.56,-1.91,9.27,0.26,-0.08,0.01
14189,-0.67,-1.83,9.69,0.36,-0.10,0.01
14231,-0.76,-1.88,9.72,0.42,-0.13,0.01
14272,-0.62,-1.61,9.84,0.43,-0.11,0.02
14314,-0.49,-1.62,9.62,0.44,-0.15,0.03
14356,-0.43,-1.59,9.34,0.40,-0.16,0.03
14397,-0.96,-1.81,10.51,0.42,-0.14,0.05
14440,-0.77,-1.72,10.40,0.43,-0.18,0.08
14483,-0.48,-1.80,10.10,0.55,-0.21,0.09
14525,-0.42,-1.71,10.09,0.50,-0.19,0.06
14568,-0.61,-1.61,10.43,0.57,-0.18,0.07
14610,-0.51,-1.75,10.60,0.57,-0.20,0.11
14653,-0.52,-1.98,10.83,0.64,-0.20,0.11
14696,-0.70,-1.80,10.62,0.66,-0.20,0.08
14738,-0.76,-1.75,10.53,0.66,-0.20,0.05
14781,-0.61,-1.73,10.51,0.62,-0.22,0.01
14824,-0.48,-1.88,10.65,0.64,-0.22,0.00
14866,-0.46,-1.81,10.54,0.58,-0.20,0.03
14909,-0.54,-1.87,10.55,0.61,-0.18,0.10
14952,-0.14,-2.08,10.58,0.58,-0.18,0.11
14994,-0.33,-1.87,10.44,0.58,-0.15,0.04
15037,-0.58,-1.58,10.40,0.59,-0.19,0.01
15080,-0.38,-1.52,10.31,0.50,-0.17,-0.00
15123,-0.26,-1.37,10.03,0.46,-0.14,0.02
15166,-0.11,-1.43,9.90,0.28,-0.10,0.01
15207,-0.27,-1.68,10.12,0.28,-0.09,0.00
15250,-0.55,-1.49,9.82,0.22,-0.10,0.01
15292,-0.52,-1.62,10.06,0.19,-0.07,0.02
15334,-0.26,-1.67,9.73,0.18,-0.04,0.01
15376,-0.34,-1.46,9.59,0.04,-0.03,0.01
15418,-0.36,-1.56,9.84,0.01,-0.00,0.03
15459,-0.26,-1.55,9.75,-0.12,0.04,0.04
15501,-0.28,-1.54,9.77,-0.19,0.06,0.04
15542,-0.41,-1.59,9.69,-0.28,0.11,0.03
15584,-0.22,-1.53,9.50,-0.41,0.13,-0.01
15627,-0.89,-1.52,11.20,-0.50,0.07,-0.02
15670,-1.05,-1.40,9.85,-0.48,0.14,0.00
15712,-0.92,-1.80,10.67,-0.49,0.17,0.02
15755,-0.64,-1.89,10.50,-0.52,0.11,-0.00
15798,-0.51,-1.50,10.10,-0.63,0.13,-0.06
15842,-0.66,-1.51,10.51,-0.71,0.17,-0.07
15886,-0.74,-1.81,10.54,-0.78,0.16,-0.04
15929,-0.86,-1.97,10.46,-0.78,0.15,-0.02
15973,-0.89,-2.16,10.28,-0.77,0.18,-0.00
16017,-1.09,-2.33,10.82,-0.72,0.17,0.02
16059,-0.90,-2.38,10.49,-0.69,0.14,0.01
16102,-0.74,-2.35,10.11,-0.69,0.19,-0.02
16146,-1.03,-2.11,10.75,-0.68,0.13,0.01
16188,-0.71,-2.18,10.46,-0.63,0.15,0.01
16231,-0.90,-2.05,10.24,-0.64,0.16,-0.02
16274,-1.04,-2.10,10.15,-0.64,0.11,-0.02
16318,-0.78,-2.15,9.92,-0.61,0.11,-0.02
16361,-0.85,-2.29,9.89,-0.57,0.10,-0.01
16403,-0.78,-2.22,9.32,-0.47,0.07,-0.01
16446,-0.82,-2.28,9.27,-0.39,0.06,-0.02
16489,-0.83,-2.16,9.28,-0.31,-0.02,0.02
16531,-0.65,-2.19,9.06,-0.23,-0.01,0.00
16574,-0.79,-2.24,9.31,-0.14,0.05,-0.02
16617,-0.79,-2.21,9.43,-0.05,-0.02,0.00
16659,-0.42,-2.31,9.17,0.05,-0.04,0.01
16701,-0.51,-2.04,9.08,0.14,-0.02,0.01
16743,-0.73,-1.80,9.21,0.22,-0.05,0.02
16784,-0.75,-1.85,9.22,0.31,-0.09,0.03
16826,-0.61,-1.79,9.73,0.34,-0.11,0.01
16867,-0.75,-1.86,10.01,0.43,-0.17,0.01
16910,-0.53,-1.68,9.50,0.42,-0.17,0.01
16952,-0.71,-1.75,10.07,0.47,-0.18,0.04
16994,-0.84,-1.92,10.28,0.50,-0.22,0.10
17037,-0.31,-1.84,9.76,0.52,-0.23,0.12
17079,-0.35,-1.95,10.10,0.55,-0.21,0.09
17121,-0.63,-1.94,10.39,0.61,-0.21,0.09
17164,-0.78,-1.94,10.64,0.69,-0.22,0.10
17206,-0.65,-1.99,10.71,0.76,-0.24,0.10
17249,-0.53,-1.79,10.75,0.77,-0.28,0.08
17292,-0.50,-1.53,10.52,0.73,-0.27,0.06
17334,-0.42,-1.55,10.62,0.69,-0.26,0.04
17377,-0.46,-1.77,10.90,0.64,-0.26,0.02
17420,-0.44,-1.73,10.79,0.64,-0.25,0.02
17462,-0.42,-1.87,10.81,0.64,-0.23,0.02
17505,-0.51,-1.78,10.66,0.61,-0.22,0.04
17548,-0.37,-1.97,10.34,0.63,-0.18,0.04
17590,-0.26,-1.95,10.59,0.64,-0.12,0.01
17633,-0.53,-1.85,10.94,0.71,-0.13,0.02
17676,-0.22,-1.34,10.34,0.65,-0.17,0.02
17718,-0.03,-1.19,10.02,0.51,-0.16,-0.00
17762,-0.03,-1.16,9.52,0.31,-0.11,0.01
17803,-0.27,-1.54,9.83,0.18,-0.09,0.01
17845,-0.48,-1.83,10.17,0.21,-0.11,0.02
17888,-0.41,-1.89,10.19,0.26,-0.07,0.03
17930,-0.33,-1.57,9.45,0.23,-0.03,0.04
17972,-0.47,-1.38,9.73,0.13,-0.05,0.06
18014,-0.35,-1.25,9.41,-0.00,-0.03,0.06
18056,-0.30,-1.31,9.56,-0.14,0.01,0.06
18098,-0.31,-1.49,10.14,-0.22,0.06,0.05
18141,-0.40,-1.38,9.99,-0.26,0.07,0.04
18182,-0.36,-1.29,9.93,-0.33,0.07,0.04
18224,-0.46,-1.52,10.03,-0.44,0.09,0.02
18266,-0.57,-1.47,10.00,-0.51,0.12,0.01
18309,-0.60,-1.56,10.72,-0.56,0.14,0.01
18352,-0.39,-1.49,10.60,-0.58,0.15,-0.02
18395,-0.52,-1.58,10.43,-0.65,0.17,-0.06
18439,-0.59,-1.36,10.37,-0.73,0.15,-0.06
18483,-0.67,-1.73,10.38,-0.79,0.18,-0.04
18526,-0.70,-2.20,10.97,-0.79,0.19,-0.03
18570,-0.53,-2.00,10.82,-0.75,0.20,-0.03
18614,-0.57,-2.02,10.73,-0.72,0.22,-0.02
18657,-0.88,-1.91,10.81,-0.74,0.21,-0.01
18701,-0.82,-1.81,10.63,-0.75,0.19,0.00
18744,-0.79,-1.97,10.71,-0.81,0.19,-0.01
18787,-0.86,-2.28,10.68,-0.78,0.17,-0.03
18831,-0.80,-2.22,10.26,-0.75,0.15,-0.04
18875,-0.82,-2.13,10.20,-0.70,0.13,-0.01
18918,-0.67,-2.15,9.81,-0.65,0.15,-0.00
18961,-0.83,-2.27,9.65,-0.62,0.14,-0.02
19003,-0.81,-2.29,9.50,-0.56,0.10,-0.02
19046,-0.74,-2.22,9.40,-0.46,0.09,-0.01
19089,-0.87,-2.17,9.20,-0.33,0.07,0.01
19130,-0.62,-2.20,9.11,-0.22,0.07,0.00
19172,-0.51,-2.03,9.13,-0.13,0.03,-0.01
19215,-0.68,-2.04,8.74,-0.08,0.02,-0.01
19257,-0.65,-1.86,9.07,-0.00,0.01,-0.01
19300,-0.64,-1.96,9.06,0.11,-0.01,0.01
19342,-0.66,-1.97,9.37,0.19,-0.04,0.00
19383,-0.91,-1.92,9.42,0.32,-0.08,0.00
19425,-0.82,-1.94,10.13,0.35,-0.11,0.01
19467,-0.54,-1.81,9.41,0.43,-0.13,0.01
19509,-0.60,-1.66,9.50,0.38,-0.13,0.03
19551,-0.59,-1.71,9.65,0.43,-0.15,0.07
19592,-0.73,-1.97,9.95,0.45,-0.15,0.08
19634,-0.88,-1.97,10.24,0.57,-0.19,0.09
19677,-0.84,-1.64,10.41,0.66,-0.21,0.09
19719,-0.73,-1.55,10.13,0.73,-0.23,0.09
19762,-0.73,-1.59,10.64,0.69,-0.24,0.07
19805,-0.68,-1.65,10.55,0.66,-0.26,0.09
19847,-0.62,-1.79,10.94,0.69,-0.26,0.08
19890,-0.79,-1.87,11.00,0.77,-0.29,0.08
19932,-0.84,-1.87,10.89,0.82,-0.28,0.09
19975,-0.66,-1.79,10.86,0.84,-0.28,0.09
20018,-0.57,-1.75,11.02,0.80,-0.24,0.08
20060,-0.62,-1.62,10.92,0.78,-0.20,0.06
20103,-0.68,-1.51,10.83,0.67,-0.21,0.03
20146,-0.44,-1.62,10.66,0.66,-0.21,0.02
20188,-0.42,-1.64,10.74,0.61,-0.19,0.01
20231,-0.21,-1.60,10.34,0.52,-0.18,-0.02
20275,-0.52,-1.58,10.27,0.42,-0.14,-0.04
20318,-0.67,-1.83,9.81,0.36,-0.15,0.02
20360,-0.48,-2.15,10.56,0.43,-0.15,0.04
20402,-0.46,-1.96,10.38,0.50,-0.12,0.04
20445,-0.41,-1.44,9.83,0.46,-0.13,0.05
20487,-0.17,-1.23,9.27,0.27,-0.10,0.05
20528,-0.17,-1.36,9.30,0.06,-0.05,0.03
20570,-0.66,-1.43,10.00,0.01,-0.07,0.03
20613,-0.66,-1.42,9.99,-0.00,-0.11,0.07
20655,-0.19,-2.01,9.72,-0.03,-0.00,0.06
20698,0.12,-1.27,9.14,-0.13,0.00,0.04
20739,-0.18,-1.30,10.29,-0.23,0.08,0.00
20781,-0.49,-1.30,10.34,-0.26,0.10,-0.01
20825,-0.46,-1.37,9.45,-0.37,0.10,0.01
20866,-0.40,-1.55,10.30,-0.53,0.19,-0.01
20910,-0.40,-1.30,9.82,-0.52,0.14,-0.02
20953,-0.55,-1.75,10.32,-0.66,0.14,-0.04
20996,-0.69,-1.82,10.87,-0.65,0.15,-0.04
21040,-0.63,-1.69,10.59,-0.74,0.18,-0.04
21084,-0.80,-1.73,11.07,-0.78,0.18,-0.02
21127,-0.65,-1.95,10.71,-0.82,0.18,-0.02
21171,-0.70,-2.03,11.15,-0.85,0.17,-0.02
21215,-0.65,-2.02,11.12,-0.85,0.21,-0.02
21258,-0.84,-1.85,10.68,-0.87,0.20,-0.01
21302,-0.91,-2.09,10.91,-0.86,0.19,0.02
21345,-0.75,-2.27,10.79,-0.86,0.18,0.01
21387,-0.78,-2.18,10.53,-0.82,0.19,-0.01
21431,-0.89,-2.22,10.61,-0.79,0.20,-0.02
21475,-0.80,-2.21,10.05,-0.75,0.15,-0.01
21518,-0.72,-2.20,10.16,-0.72,0.14,-0.02
21562,-0.68,-2.25,9.74,-0.64,0.16,-0.02
21605,-0.80,-2.26,9.76,-0.59,0.15,-0.02
21647,-0.83,-2.21,9.48,-0.52,0.11,-0.02
21690,-0.83,-2.47,9.66,-0.45,0.10,-0.01
21732,-0.63,-2.25,9.02,-0.35,0.09,-0.03
21775,-0.83,-2.09,8.89,-0.25,0.06,-0.02
21818,-0.64,-2.13,8.60,-0.15,0.04,0.00
21859,-0.67,-2.10,8.65,-0.05,0.03,0.00
21901,-0.84,-2.25,9.19,0.07,-0.02,0.01
21943,-0.73,-2.20,9.25,0.20,-0.07,0.01
21984,-0.82,-2.07,9.18,0.33,-0.11,0.02
22026,-0.80,-1.74,9.39,0.42,-0.11,0.04
22068,-0.78,-1.63,9.05,0.45,-0.15,0.06
22109,-0.68,-1.70,8.88,0.47,-0.16,0.09
22151,-0.80,-1.87,9.97,0.49,-0.16,0.09
22192,-0.95,-2.24,10.80,0.54,-0.18,0.09
22235,-0.88,-2.04,10.13,0.60,-0.22,0.08
22278,-0.57,-1.63,9.72,0.61,-0.26,0.06
22319,-0.69,-1.39,10.06,0.63,-0.23,0.07
22362,-0.75,-1.74,10.80,0.67,-0.23,0.13
22405,-0.57,-1.93,10.70,0.73,-0.24,0.12
22447,-0.80,-1.99,11.10,0.79,-0.26,0.08
22490,-0.78,-1.82,10.85,0.82,-0.28,0.06
22532,-0.82,-1.64,10.72,0.79,-0.26,0.05
22575,-0.62,-1.88,11.23,0.76,-0.26,0.06
22618,-0.43,-1.97,11.04,0.77,-0.22,0.05
22660,-0.55,-2.02,10.94,0.75,-0.23,0.05
22703,-0.83,-2.11,10.82,0.76,-0.24,0.08
22746,-0.72,-2.04,10.59,0.77,-0.24,0.08
22788,-0.70,-2.04,10.46,0.76,-0.27,0.07
22831,-0.61,-2.17,9.72,0.66,-0.27,0.07
22873,-0.47,-2.07,11.54,0.63,-0.25,0.06
22915,-0.14,-1.24,11.39,0.66,-0.26,0.01
22958,-0.24,-0.96,10.04,0.57,-0.23,0.01
23001,-0.19,-0.97,9.24,0.36,-0.18,0.07
23042,-0.17,-1.40,9.43,0.18,-0.14,0.06
23084,-0.17,-1.71,10.12,0.16,-0.09,0.02
23126,-0.37,-1.93,10.30,0.26,-0.06,0.00
23169,-0.26,-1.78,9.61,0.27,-0.01,0.01
23211,-0.11,-1.29,9.13,0.16,0.00,0.04
23250,-0.28,-1.36,9.32,-0.03,0.03,0.05
23292,-0.32,-1.23,9.37,-0.15,0.04,0.02
23334,-0.63,-1.48,10.39,-0.25,0.06,-0.02
23377,-0.73,-1.45,10.15,-0.29,0.03,-0.02
23421,-0.29,-1.27,9.47,-0.39,0.09,-0.02
23463,-0.45,-1.54,10.34,-0.51,0.13,-0.04
23507,-0.23,-1.46,10.13,-0.60,0.11,-0.03
23552,-0.46,-1.74,10.77,-0.69,0.15,-0.03
23595,-0.49,-1.50,10.31,-0.68,0.18,0.00
23638,-0.65,-1.91,10.46,-0.76,0.22,0.01
23681,-0.68,-2.07,11.01,-0.77,0.19,-0.01
23724,-0.58,-1.62,10.38,-0.77,0.18,-0.03
23768,-0.87,-1.99,11.59,-0.82,0.21,-0.02
23812,-0.58,-1.98,10.68,-0.84,0.23,-0.01
23855,-0.68,-2.10,11.23,-0.93,0.23,-0.03
23899,-0.81,-2.03,11.22,-0.88,0.22,-0.03
23943,-0.85,-1.99,10.60,-0.88,0.22,-0.03
23986,-0.94,-2.28,10.97,-0.85,0.23,-0.04
24030,-0.84,-2.15,10.70,-0.83,0.20,-0.05
24074,-0.80,-2.13,10.46,-0.79,0.21,-0.04
24117,-0.85,-2.11,9.79,-0.75,0.18,-0.04
24160,-0.96,-2.27,9.81,-0.71,0.16,-0.03
24203,-0.85,-2.14,9.42,-0.64,0.12,-0.01
24245,-0.77,-2.30,9.20,-0.57,0.17,-0.01
24288,-0.88,-2.46,9.80,-0.51,0.15,-0.02
24331,-0.84,-2.55,9.47,-0.39,0.07,-0.04
24373,-0.69,-2.17,9.21,-0.27,0.08,-0.08
24416,-0.91,-1.79,9.04,-0.16,0.07,-0.05
24458,-0.79,-2.18,8.88,-0.11,0.04,0.00
24500,-0.25,-1.90,8.94,-0.05,-0.00,-0.00
24544,-0.89,-1.80,9.20,0.09,-0.05,0.00
24585,-0.91,-1.98,9.05,0.20,-0.10,0.05
24627,-0.70,-1.98,9.12,0.32,-0.13,0.05
24669,-0.62,-1.62,9.17,0.38,-0.15,0.05
24710,-0.76,-1.71,9.45,0.48,-0.19,0.07
24752,-0.83,-1.81,9.52,0.52,-0.22,0.10
24793,-0.82,-2.06,10.21,0.54,-0.23,0.12
24836,-0.72,-2.15,10.24,0.62,-0.22,0.13
24879,-0.67,-2.14,9.94,0.68,-0.23,0.11
24920,-0.67,-1.94,9.95,0.72,-0.22,0.08
24962,-0.94,-1.97,10.54,0.75,-0.23,0.06
25005,-0.79,-2.08,11.22,0.80,-0.23,0.05
25047,-0.64,-1.72,11.00,0.83,-0.25,0.04
25090,-0.79,-1.71,10.97,0.83,-0.24,0.06
25133,-0.70,-1.79,10.55,0.80,-0.24,0.08
25175,-0.92,-2.01,11.38,0.79,-0.28,0.08
25218,-0.85,-1.87,11.31,0.88,-0.32,0.10
25260,-0.62,-1.93,11.13,0.96,-0.29,0.11
25303,-0.50,-1.70,11.52,0.94,-0.27,0.10
25346,-0.54,-1.54,10.62,0.85,-0.27,0.07
25388,-0.49,-1.39,10.34,0.67,-0.21,0.05
25431,-0.61,-1.86,11.06,0.60,-0.22,0.06
25474,-0.38,-2.07,10.52,0.60,-0.19,0.04
25516,-0.33,-1.93,10.48,0.64,-0.17,0.02
25559,-0.55,-1.85,10.30,0.62,-0.18,0.03
25602,-0.39,-1.30,9.40,0.50,-0.17,0.03
25643,-0.35,-1.70,10.11,0.38,-0.12,0.03
25686,-0.33,-1.59,9.50,0.29,-0.12,0.04
25726,-0.59,-1.57,10.26,0.20,-0.11,0.02
25769,-0.56,-1.75,9.54,0.23,-0.10,0.03
25811,0.11,-1.12,9.12,0.09,-0.06,0.05
25851,-0.27,-1.41,10.03,0.04,0.01,0.05
25893,-0.40,-1.33,9.32,-0.07,0.02,0.05
25935,-0.42,-1.42,9.55,-0.21,0.06,0.03
25976,-0.46,-1.44,10.03,-0.28,0.09,0.03
26019,-0.38,-1.39,9.78,-0.34,0.13,0.01
26061,-0.53,-1.29,10.13,-0.42,0.14,-0.04
26104,-0.79,-1.31,10.13,-0.53,0.13,-0.07
26148,-0.66,-1.26,10.07,-0.69,0.15,-0.07
26191,-0.79,-1.60,11.29,-0.74,0.19,-0.05
26235,-0.73,-1.58,10.53,-0.81,0.17,-0.02
26279,-0.79,-1.75,11.11,-0.83,0.22,-0.02
26322,-0.75,-1.39,10.38,-0.91,0.23,-0.00
26366,-0.93,-1.74,11.26,-0.95,0.18,0.04
26409,-0.76,-1.96,10.81,-0.96,0.22,0.01
26451,-0.97,-2.34,11.54,-1.00,0.28,-0.02
26496,-0.89,-2.36,10.83,-0.96,0.25,-0.04
26540,-0.91,-2.29,10.78,-0.96,0.21,-0.06
26583,-1.13,-2.28,11.03,-0.93,0.25,-0.05
26627,-1.13,-2.28,10.95,-0.92,0.21,-0.03
26671,-0.79,-2.49,10.68,-0.89,0.18,-0.03
26714,-0.87,-2.26,10.22,-0.81,0.18,-0.04
26758,-0.95,-2.19,10.11,-0.76,0.18,-0.05
26802,-0.81,-2.09,9.65,-0.67,0.15,-0.05
26844,-0.65,-2.33,9.66,-0.67,0.13,-0.04
26887,-0.69,-2.37,9.41,-0.53,0.14,0.00
26929,-0.79,-2.25,9.28,-0.42,0.12,0.01
26970,-0.85,-2.26,9.16,-0.27,0.06,0.01
27012,-0.72,-2.20,8.55,-0.19,0.04,0.00
27053,-0.76,-2.04,8.74,-0.10,-0.00,0.00
27096,-0.84,-2.17,9.01,-0.02,-0.01,-0.01
27140,-0.81,-2.29,8.88,0.09,-0.07,0.01
27181,-0.91,-2.13,9.66,0.25,-0.16,0.03
27223,-1.29,-1.80,10.21,0.39,-0.26,0.07
27266,-0.87,-1.51,8.40,0.55,-0.37,0.15
27307,0.40,-1.43,7.33,0.54,-0.21,0.12
27347,0.16,-1.62,9.08,0.41,0.04,0.03
27386,-0.71,-1.38,10.27,0.44,-0.11,0.03
27429,-1.26,-1.98,10.94,0.48,-0.20,0.04
27472,-0.83,-1.77,10.88,0.70,-0.24,0.08
27514,-0.57,-1.70,10.04,0.75,-0.30,0.09
27557,-0.47,-1.80,10.13,0.74,-0.26,0.05
27600,-0.41,-2.02,10.59,0.75,-0.30,0.03
27642,-0.51,-2.10,11.44,0.83,-0.23,0.02
27685,-0.60,-1.97,11.71,0.94,-0.28,0.03
27728,-0.56,-1.87,10.83,0.96,-0.28,0.03
27770,-0.63,-1.72,11.14,0.89,-0.29,0.03
27813,-0.91,-1.81,11.39,0.90,-0.31,0.07
27855,-0.42,-1.90,11.85,0.95,-0.32,0.11
27898,-0.44,-1.92,11.39,0.97,-0.31,0.09
27941,-0.42,-1.67,10.95,0.88,-0.31,0.08
27983,-0.30,-1.87,11.02,0.83,-0.21,0.06
28026,-0.38,-1.41,11.08,0.81,-0.26,0.05
28069,-0.27,-1.87,10.67,0.75,-0.20,0.03
28111,-0.31,-1.47,10.32,0.77,-0.17,0.03
28154,-0.39,-1.59,10.14,0.60,-0.15,0.03
28197,-0.16,-1.58,9.94,0.51,-0.13,0.01
28238,-0.53,-1.57,10.10,0.39,-0.11,0.01
28281,-0.52,-1.63,9.94,0.38,-0.10,0.04
28322,-0.51,-1.45,9.68,0.31,-0.10,0.06
28364,-0.22,-1.46,9.33,0.26,-0.08,0.08
28406,-0.46,-1.16,9.40,0.17,-0.03,0.08
28447,-0.41,-1.32,9.51,0.08,0.02,0.06
28488,-0.39,-1.02,9.39,-0.05,0.08,0.03
28530,-0.30,-1.02,9.38,-0.16,0.10,-0.01
28572,-0.07,-0.95,8.91,-0.33,0.34,-0.07
28615,-0.70,-1.03,10.97,-0.49,0.25,-0.10
28659,-1.25,-1.12,9.83,-0.50,0.05,-0.08
28701,-1.35,-1.54,9.68,-0.51,0.09,-0.05
28744,-1.07,-1.71,10.38,-0.51,0.20,-0.00
28787,-1.05,-1.58,10.37,-0.54,0.14,0.04
28830,-0.90,-1.16,10.37,-0.75,0.10,0.06
28873,-0.96,-0.28,10.91,-0.86,0.13,-0.13
28916,-1.37,-0.95,11.01,-0.96,0.18,0.13
28959,-1.39,-2.72,11.89,-0.66,0.29,0.48
29002,-0.88,-4.05,10.87,-1.20,0.08,-0.70
29045,-0.95,-1.53,11.73,-0.96,0.27,-0.13
29089,-1.37,-1.84,11.55,-1.02,0.23,-0.01
29133,-1.12,-1.87,11.39,-1.00,0.20,-0.00
29176,-0.84,-2.08,11.38,-1.03,0.23,-0.07
29220,-0.85,-1.86,11.09,-1.00,0.16,-0.08
29264,-0.79,-2.04,10.96,-1.00,0.21,-0.05
29307,-0.88,-2.07,10.81,-0.96,0.18,-0.03
29351,-0.58,-2.15,9.83,-0.92,0.18,-0.03
29394,-0.64,-2.19,10.49,-0.80,0.17,-0.03
29437,-0.63,-2.28,9.47,-0.68,0.17,-0.02
29480,-0.68,-2.23,9.50,-0.60,0.17,-0.01
29523,-0.70,-2.18,9.25,-0.49,0.09,-0.01
29565,-0.62,-2.04,8.73,-0.38,0.07,0.01
29607,-0.40,-2.14,9.05,-0.25,0.06,0.02
29648,-0.80,-2.13,9.28,-0.09,0.00,0.01
29690,-0.72,-2.02,9.11,0.01,-0.03,0.01
29732,-0.76,-1.95,9.38,0.08,-0.08,0.03
29773,-0.55,-1.82,8.92,0.17,-0.11,0.04
29815,-0.51,-1.71,8.34,0.21,-0.10,0.03
29857,-0.45,-1.77,8.92,0.27,-0.10,0.05
29898,-0.57,-1.80,9.36,0.35,-0.14,0.07
29940,-0.72,-1.82,9.56,0.46,-0.18,0.09
29981,-0.72,-2.08,9.79,0.50,-0.22,0.13
30023,-1.28,-2.67,9.60,0.61,-0.23,0.36
30065,-0.67,-1.39,10.17,0.85,-0.19,-0.26
30108,-0.57,-1.76,10.09,0.69,-0.18,-0.29
30152,-0.34,-1.01,10.37,0.82,-0.18,-0.34
30196,-0.29,-1.93,10.92,0.92,-0.27,-0.19
30239,-0.30,-1.58,11.00,0.94,-0.20,-0.17
30283,-0.45,-1.26,10.76,1.02,-0.27,-0.05
30327,-0.34,-1.49,11.44,1.27,-0.39,-0.03
30370,-0.53,-1.68,11.83,0.99,-0.23,-0.02
30414,-0.45,-1.81,11.88,1.07,-0.21,-0.03
30458,-0.27,-1.69,11.62,1.07,-0.23,0.06
30500,-0.28,-1.51,11.53,1.02,-0.14,0.17
30543,-0.48,-1.52,11.34,0.93,-0.23,0.28
30585,-0.33,-1.72,11.42,0.90,-0.20,0.29
30628,-0.43,-1.66,11.19,0.90,-0.21,0.12
30671,-0.45,-1.59,10.88,0.86,-0.20,0.04
30713,-0.51,-1.15,10.37,0.77,-0.18,0.15
30756,-0.30,-1.22,10.18,0.63,-0.17,0.22
30799,-0.49,-1.21,10.30,0.58,-0.13,0.25
30841,-0.60,-1.18,10.19,0.54,-0.12,0.36
30884,-0.59,-1.31,9.85,0.46,-0.14,0.29
30926,-0.63,-2.13,9.62,0.50,-0.13,0.33
30967,-0.15,-0.59,8.65,0.17,-0.06,-0.02
31010,-0.50,-0.87,9.59,0.01,-0.01,0.15
31051,-0.66,-0.72,9.48,-0.14,-0.02,0.23
31094,-0.68,-2.18,9.47,-0.04,0.07,0.15
31136,-0.74,-1.23,9.45,-0.21,0.05,0.04
31177,-0.66,-1.14,9.34,-0.30,0.07,0.01
31219,-0.67,-1.21,9.70,-0.41,0.07,-0.01
31262,-0.48,-1.19,9.56,-0.48,0.12,-0.02
31304,-0.76,-1.57,10.17,-0.55,0.17,-0.03
31348,-0.68,-1.53,10.56,-0.66,0.16,-0.04
31392,-0.79,-1.27,10.35,-0.74,0.17,-0.05
31435,-1.00,-1.42,11.15,-0.83,0.23,-0.03
31479,-0.95,-1.51,11.18,-0.91,0.22,-0.03
31523,-0.74,-1.45,10.90,-0.99,0.23,-0.05
31566,-1.10,-2.10,10.94,-1.01,0.26,-0.04
31610,-0.96,-1.65,11.61,-0.89,0.27,-0.26
31654,-0.98,-2.43,12.00,-0.97,0.25,-0.19
31697,-1.23,-1.92,11.57,-1.14,0.22,-0.25
31741,-0.66,-1.42,11.61,-1.03,0.23,-0.27
31785,-0.34,-1.59,11.20,-1.02,0.20,-0.26
31828,-0.48,-1.35,11.22,-0.99,0.21,-0.14
31873,-0.61,-1.98,10.55,-0.95,0.21,-0.07
31916,-0.72,-1.98,10.89,-0.87,0.21,-0.07
31960,-0.52,-1.81,10.42,-0.95,0.27,-0.09
32004,-1.23,-3.48,10.08,-1.15,0.31,-0.14
32047,-1.22,-2.36,10.21,-0.52,0.02,-0.21
32091,-0.32,-1.27,10.64,-0.37,-0.05,0.23
32135,-0.77,-2.64,10.13,-0.47,0.10,0.16
32177,-0.09,-2.51,8.88,-0.34,0.20,0.02
32219,-1.14,-0.99,9.01,-0.43,0.06,-0.07
32262,-0.90,-1.84,8.78,-0.31,0.02,0.06
32303,-0.02,-1.78,8.91,-0.12,-0.05,-0.07
32347,-0.25,-1.93,8.98,0.05,-0.06,-0.11
32390,-0.52,-1.47,8.71,0.12,-0.04,-0.05
32432,-0.38,-1.38,8.61,0.12,-0.07,0.18
32474,-0.49,-2.06,9.01,0.18,-0.11,0.16
32515,-0.61,-2.10,9.69,0.36,-0.12,0.14
32557,-0.71,-1.74,8.72,0.42,-0.14,0.17
32599,-0.75,-1.62,9.31,0.49,-0.16,-0.05
32641,1.50,-1.86,10.35,0.52,-0.18,0.81
32683,-1.56,-1.24,10.09,0.67,-0.23,0.71
32726,-1.28,-3.09,10.62,0.77,-0.27,0.67
32768,-1.06,-1.98,10.08,0.87,-0.33,0.07
32811,-1.04,-1.83,11.07,0.90,-0.36,-0.05
32855,-1.33,-3.11,11.51,1.01,-0.37,0.13
32897,-1.18,-2.97,10.85,1.81,-0.13,-0.15
32941,-2.24,-3.20,11.42,2.02,0.43,-0.70
32984,-1.79,-0.01,11.30,2.00,0.34,-1.14
33026,-0.45,3.39,9.76,2.07,-0.67,-0.36
33068,-1.35,0.73,11.87,0.64,-0.09,0.91
33108,-1.42,-0.97,10.96,0.41,-0.36,0.24
33152,-1.52,-0.74,11.63,-0.03,-0.31,0.05
33196,-2.47,-2.22,12.80,-0.37,-0.19,-0.14
33240,-0.62,0.17,10.15,0.26,-0.71,-0.40
33283,-0.86,-0.93,10.84,0.88,-0.74,0.02
33326,-0.69,-1.75,10.62,0.77,-0.41,0.38
33368,-0.47,-2.05,10.71,0.77,-0.22,0.11
33411,-0.77,-1.28,10.03,0.65,-0.19,-0.02
33455,-0.39,-0.87,9.85,0.55,-0.12,0.03
33496,-0.90,-0.12,9.36,0.46,-0.05,-0.04
33539,-0.24,-1.36,9.40,0.20,-0.13,-0.14
33581,-0.25,-0.81,9.65,0.09,-0.14,-0.20
33624,-0.68,-0.91,9.48,-0.01,-0.09,0.03
33667,-0.82,-0.88,9.61,0.00,-0.05,0.05
33708,-0.20,-1.35,9.48,-0.02,0.02,0.04
33750,-0.29,-1.35,9.45,-0.15,0.08,-0.14
33793,-0.57,-1.20,9.87,-0.18,0.02,-0.12
33835,-0.72,-1.17,9.53,-0.30,0.03,0.05
33876,-0.26,-1.01,9.63,-0.49,0.15,0.10
33918,-0.71,-0.89,10.38,-0.59,0.10,0.11
33960,-0.52,-1.03,10.16,-0.67,0.10,0.11
34003,-0.75,-1.34,10.14,-0.76,0.13,0.01
34045,-0.81,-1.76,10.59,-0.91,0.08,0.01
34088,-1.09,-2.11,11.28,-1.00,0.08,-0.04
34132,-0.92,-1.91,11.27,-1.04,0.13,0.15
34174,-0.59,-1.53,11.78,-1.06,0.24,0.32
34217,-0.67,-1.60,11.12,-1.14,0.26,0.22
34260,-0.68,-1.76,10.70,-1.22,0.37,0.03
34302,-1.05,-2.23,12.00,-1.18,0.33,-0.03
34347,-1.36,-2.63,11.77,-0.91,0.21,0.04
34390,-0.89,-2.60,11.80,-0.86,0.09,0.04
34432,-0.60,-1.64,10.91,-0.92,0.27,-0.09
34476,-1.03,-1.46,11.60,-1.04,0.28,-0.10
34520,-0.62,-1.72,11.28,-0.99,0.11,-0.06
34563,-0.38,-2.05,11.01,-0.94,0.16,-0.11
34607,-0.73,-1.98,10.16,-0.81,0.11,-0.10
34651,-0.28,-1.80,10.18,-0.74,0.04,-0.07
34694,-0.61,-1.53,9.78,-0.65,-0.02,-0.04
34738,-0.32,-1.90,9.56,-0.59,-0.15,0.07
34780,-0.29,-2.16,9.16,-0.53,0.02,-0.01
34823,-0.21,-1.74,8.94,-0.47,0.07,-0.07
34866,-0.08,-1.92,9.06,-0.30,0.05,-0.01
34908,-0.33,-2.05,8.70,-0.18,0.04,0.04
34950,-0.15,-2.02,8.45,-0.09,-0.00,0.05
34993,-0.30,-2.02,8.73,0.06,-0.02,0.03
35034,-0.41,-1.96,8.59,0.20,-0.09,0.01
35076,-0.24,-2.08,8.75,0.32,-0.13,-0.00
35119,-0.24,-2.04,9.11,0.39,-0.12,-0.01
35161,-0.35,-1.94,9.19,0.46,-0.15,0.00
35203,-0.45,-2.08,9.60,0.55,-0.16,0.00
35244,-0.37,-1.96,9.84,0.68,-0.14,-0.06
35287,-0.38,-1.93,10.12,0.82,-0.20,0.00
35330,-0.34,-2.06,10.51,0.90,-0.23,0.01
35372,-0.27,-1.91,10.37,0.94,-0.25,0.02
35415,-0.33,-1.31,10.73,0.96,-0.19,0.01
35458,-0.45,-1.91,11.79,0.94,-0.17,0.08
35500,-0.48,-2.10,11.68,1.00,-0.21,0.08
35543,-0.50,-1.94,11.57,1.05,-0.21,0.06
35586,-0.57,-2.26,12.02,1.14,-0.22,0.08
35628,-0.54,-2.07,11.90,1.16,-0.24,0.05
35671,-0.61,-1.86,11.77,1.10,-0.25,0.07
35714,-0.57,-1.94,11.62,1.09,-0.22,0.09
35756,-0.61,-2.21,11.81,1.05,-0.21,0.08
35799,-0.55,-1.77,11.27,1.05,-0.23,0.06
35841,-0.53,-1.70,11.13,0.98,-0.21,0.07
35884,-0.50,-1.53,10.92,0.84,-0.20,0.07
35927,-0.62,-1.38,10.32,0.78,-0.18,0.09
35969,-0.62,-1.47,10.38,0.70,-0.16,0.09
36012,-0.71,-1.55,10.10,0.56,-0.16,0.08
36055,-0.74,-1.49,9.83,0.46,-0.16,0.05
36096,-0.68,-1.34,9.79,0.36,-0.13,0.10
36137,-0.34,-1.31,9.60,0.30,-0.11,0.06
36179,-0.59,-1.32,9.44,0.25,-0.06,0.05
36220,-0.59,-1.08,9.42,0.23,-0.06,-0.10
36263,-0.64,-1.09,9.47,0.23,-0.02,-0.19
36305,-0.01,-1.24,9.46,0.07,-0.02,-0.06
36348,-0.42,-1.33,9.15,-0.24,0.08,0.01
36390,-0.66,-1.04,9.92,-0.23,0.07,-0.02
36432,-0.62,-1.10,9.29,-0.29,0.03,-0.02
36475,-0.62,-1.21,9.58,-0.43,0.14,-0.02
36518,-0.66,-1.14,10.11,-0.61,0.16,-0.03
36561,-0.69,-0.89,9.92,-0.75,0.17,-0.02
36604,-1.22,-1.39,10.57,-0.83,0.13,-0.02
36648,-1.16,-1.75,10.81,-0.87,0.11,-0.04
36691,-0.95,-1.85,11.18,-0.94,0.12,-0.07
36736,-0.87,-1.82,11.40,-0.95,0.13,-0.07
36780,-0.74,-1.61,11.30,-1.04,0.16,-0.05
36823,-0.88,-1.61,11.84,-1.07,0.17,-0.03
36867,-0.80,-1.57,11.72,-1.12,0.14,-0.01
36911,-0.75,-1.94,11.56,-1.16,0.14,0.02
36953,-0.61,-2.15,11.49,-1.15,0.22,0.02
36996,-0.71,-1.99,11.94,-1.11,0.26,0.00
37038,-0.71,-1.99,11.43,-1.08,0.17,0.01
37081,-0.68,-1.76,11.13,-1.09,0.24,-0.00
37125,-0.69,-2.30,11.32,-1.08,0.21,-0.03
37168,-0.58,-2.25,10.47,-0.97,0.13,-0.08
37212,-0.66,-2.34,10.54,-0.86,0.10,-0.11
37256,-0.39,-2.49,9.99,-0.75,0.18,-0.10
37298,-0.44,-2.36,9.81,-0.66,0.11,-0.10
37341,-0.62,-2.22,9.61,-0.63,0.00,-0.07
37384,-0.47,-1.98,9.18,-0.54,-0.04,-0.03
37427,-0.31,-1.78,8.99,-0.47,-0.05,-0.02
37471,-0.27,-1.81,9.05,-0.27,-0.11,-0.02
37515,-0.03,-2.09,8.45,-0.15,-0.11,-0.02
37558,-0.08,-1.82,8.00,-0.09,0.01,-0.00
37601,-0.07,-1.80,8.93,-0.01,0.00,0.04
37642,-0.35,-1.97,8.43,0.15,-0.10,0.03
37684,-0.36,-1.84,8.82,0.32,-0.12,0.03
37726,-0.07,-2.10,9.04,0.42,-0.09,0.02
37767,-0.05,-1.96,9.13,0.54,-0.07,0.01
37809,-0.27,-2.16,9.56,0.61,-0.10,0.00
37851,-0.34,-2.01,9.72,0.75,-0.11,-0.02
37893,-0.42,-2.17,10.20,0.87,-0.13,-0.01
37937,-0.20,-1.98,10.48,0.94,-0.11,0.01
37980,-0.37,-2.04,10.80,0.94,-0.16,0.04
38022,-0.47,-1.97,10.99,0.96,-0.15,0.06
38065,-0.67,-1.99,11.54,0.99,-0.21,0.08
38107,-0.52,-2.15,11.73,1.04,-0.23,0.07
38150,-0.65,-1.93,11.66,1.07,-0.25,0.11
38193,-0.55,-2.27,11.84,1.12,-0.23,0.09
38235,-0.70,-2.03,12.20,1.09,-0.24,0.12
38278,-0.68,-2.07,12.01,1.12,-0.22,0.11
38321,-0.57,-2.08,11.77,1.09,-0.24,0.14
38363,-0.62,-2.27,11.75,1.09,-0.21,0.10
38406,-0.82,-1.90,11.22,1.05,-0.22,0.09
38449,-0.69,-2.04,11.06,1.04,-0.22,0.08
38491,-0.80,-1.89,11.20,0.98,-0.18,0.07
38534,-0.63,-1.66,10.63,0.89,-0.21,0.09
38577,-0.66,-1.41,10.41,0.77,-0.17,0.06
38619,-0.65,-1.25,9.96,0.63,-0.14,0.09
38661,-0.63,-1.34,9.87,0.52,-0.16,0.07
38702,-0.70,-1.47,9.53,0.40,-0.12,0.07
38744,-0.64,-1.33,9.40,0.35,-0.10,0.04
38786,-0.40,-1.21,9.39,0.19,-0.08,0.00
38827,-0.45,-1.45,9.23,0.10,-0.05,0.04
38868,-0.51,-1.40,9.07,-0.04,-0.04,0.05
38912,-0.46,-1.61,9.21,-0.09,0.01,0.01
38952,-0.53,-1.41,9.25,-0.18,0.01,-0.03
38995,-0.55,-1.54,9.33,-0.27,0.05,-0.02
39037,-0.37,-1.67,9.25,-0.36,0.09,-0.01
39080,-0.49,-1.45,9.94,-0.50,0.06,-0.02
39123,-0.65,-1.78,10.59,-0.57,0.07,-0.03
39166,-0.69,-1.20,10.46,-0.70,0.05,-0.05
39211,-0.57,-1.11,10.68,-0.64,0.08,-0.07
39255,-0.53,-1.05,10.38,-0.67,0.06,-0.08
39298,-0.51,-1.25,11.01,-1.00,0.12,-0.01
39342,-0.23,-1.75,11.45,-1.20,0.16,0.03
39385,-0.77,-2.44,12.15,-1.35,0.17,0.01
39427,-0.54,-2.25,11.36,-1.04,0.16,0.02
39470,-0.91,-2.66,11.94,-0.94,0.29,0.03
39513,-0.72,-2.37,11.94,-1.00,0.21,-0.01
39556,-0.58,-1.78,11.44,-1.09,0.16,-0.10
39600,-0.60,-1.41,11.68,-1.13,0.21,-0.10
39644,-0.97,-1.96,11.57,-1.11,0.22,-0.06
39687,-0.56,-2.28,11.29,-1.06,0.16,-0.04
39731,-0.46,-2.11,11.04,-1.03,0.19,-0.02
39775,-0.33,-2.22,10.65,-0.94,0.15,0.02
39817,-0.46,-2.19,10.15,-0.89,0.18,0.05
39860,-0.78,-2.08,10.52,-0.84,0.16,0.10
39902,-0.42,-2.12,9.96,-0.78,0.07,0.07
39944,-0.32,-1.95,9.24,-0.66,0.09,-0.03
39987,-0.57,-1.87,9.20,-0.58,0.04,-0.05
40029,-0.45,-2.06,9.00,-0.50,-0.07,-0.02
40073,-0.14,-2.28,9.06,-0.36,-0.07,-0.07
40117,-0.14,-2.05,8.56,-0.21,-0.04,-0.07
40160,-0.09,-2.03,8.36,-0.06,-0.02,-0.04
40204,-0.27,-1.94,8.49,0.03,-0.02,-0.01
40247,-0.47,-2.11,8.46,0.13,-0.08,0.03
40288,-0.25,-2.18,8.60,0.25,-0.06,-0.01
40331,-0.16,-2.14,8.82,0.44,-0.09,-0.03
40374,-0.23,-2.15,8.93,0.58,-0.06,-0.01
40416,-0.28,-1.87,9.55,0.69,-0.08,0.03
40458,-0.46,-1.96,10.41,0.73,-0.18,0.07
40500,-0.14,-1.79,9.46,0.73,-0.25,0.03
40542,-0.31,-1.66,10.09,0.78,-0.12,-0.02
40586,-0.31,-2.15,11.04,0.91,-0.20,0.06
40628,-0.15,-2.25,10.94,1.05,-0.20,0.05
40671,-0.43,-1.97,11.36,1.09,-0.21,0.10
40714,-0.44,-2.18,11.74,1.09,-0.18,0.12
40756,-0.52,-2.34,12.00,1.08,-0.18,0.10
40799,-0.69,-2.57,12.13,1.15,-0.18,0.08
40842,-0.61,-2.37,12.16,1.23,-0.22,0.06
40884,-0.74,-2.19,11.97,1.23,-0.23,0.07
40927,-0.56,-1.93,11.87,1.14,-0.22,0.10
40969,-0.67,-1.91,11.88,1.07,-0.21,0.11
41012,-0.68,-2.12,11.73,1.04,-0.21,0.11
41055,-0.53,-1.78,11.31,1.06,-0.21,0.08
41097,-0.57,-1.73,10.92,1.00,-0.19,0.12
41140,-0.76,-1.62,10.55,0.88,-0.18,0.08
41183,-0.81,-1.66,10.49,0.75,-0.15,0.11
41225,-0.68,-1.76,10.27,0.65,-0.14,0.08
41268,-0.73,-1.56,9.79,0.59,-0.13,0.08
41310,-0.81,-1.46,9.72,0.45,-0.11,0.04
41351,-0.57,-1.27,9.37,0.41,-0.10,0.06
41393,-0.40,-1.37,9.58,0.24,-0.10,0.01
41434,-0.38,-1.35,9.21,0.17,-0.05,-0.02
41477,-0.49,-1.22,9.38,0.07,-0.02,0.01
41519,-0.70,-1.01,9.07,0.01,-0.03,0.02
41560,-0.74,-1.19,9.31,-0.16,0.01,0.08
41602,-0.48,-1.29,9.09,-0.27,0.01,0.06
41644,-0.62,-1.34,9.65,-0.37,0.05,0.04
41684,-0.81,-1.30,9.71,-0.42,0.06,0.02
41726,-0.70,-1.37,9.68,-0.48,0.11,-0.01
41769,-0.71,-1.49,10.26,-0.63,0.21,-0.04
41812,-0.82,-1.42,10.67,-0.79,0.20,-0.04
41857,-0.95,-1.40,10.87,-0.82,0.16,0.02
41899,-0.77,-1.42,10.89,-0.86,0.14,0.04
41942,-1.10,-1.67,10.89,-0.96,0.19,-0.02
41986,-1.15,-1.94,11.55,-1.13,0.15,-0.09
42029,-0.84,-1.74,11.78,-1.18,0.16,-0.13
42073,-0.74,-1.81,12.09,-1.13,0.20,-0.11
42117,-0.72,-1.98,12.20,-1.15,0.18,-0.06
42160,-0.69,-1.90,12.07,-1.20,0.20,-0.06
42204,-0.74,-1.84,11.70,-1.23,0.20,-0.04
42248,-0.91,-2.14,12.08,-1.23,0.16,0.01
42290,-0.59,-2.18,11.23,-1.11,0.20,0.01
42333,-0.55,-2.09,11.29,-1.07,0.19,-0.00
42377,-1.00,-2.42,10.91,-1.00,0.13,-0.03
42420,-0.36,-2.05,10.59,-0.94,0.14,-0.04
42464,-0.54,-2.47,10.68,-0.85,0.13,-0.05
42508,-0.48,-1.87,9.73,-0.80,0.11,-0.07
42550,-0.38,-1.91,9.80,-0.77,0.05,-0.05
42593,-0.34,-1.53,8.77,-0.64,0.07,-0.03
42636,-0.41,-2.43,9.05,-0.54,0.07,-0.01
42678,-0.51,-2.38,8.61,-0.35,0.10,-0.02
42721,-0.56,-1.94,8.74,-0.15,-0.01,0.04
42763,-0.33,-1.67,8.49,0.02,-0.12,0.07
42805,-0.65,-1.67,8.58,0.09,-0.04,0.06
42847,-0.23,-1.64,8.32,0.08,-0.11,0.03
42888,-0.04,-1.47,8.15,0.12,-0.11,-0.03
42931,-0.71,-1.88,8.77,0.30,-0.10,-0.02
42974,-0.62,-2.11,8.95,0.48,-0.18,-0.02
43016,-0.07,-1.93,9.15,0.67,-0.11,-0.08
43059,-0.13,-1.76,9.72,0.72,-0.12,-0.10
43102,-0.33,-1.97,9.99,0.79,-0.16,-0.06
43144,-0.29,-1.75,10.45,0.83,-0.13,0.03
43187,-0.37,-2.16,11.04,0.92,-0.14,0.05
43229,-0.42,-2.06,11.31,1.01,-0.25,0.07
43272,-0.51,-1.89,11.31,1.11,-0.24,0.09
43315,-0.65,-2.00,11.82,1.16,-0.24,0.11
43357,-0.60,-2.24,11.98,1.19,-0.25,0.08
43400,-0.59,-2.41,12.25,1.21,-0.23,0.09
43443,-0.64,-2.25,12.29,1.26,-0.23,0.10
43485,-0.64,-2.21,12.30,1.28,-0.22,0.12
43528,-0.64,-2.07,11.92,1.23,-0.23,0.12
43571,-0.68,-2.03,12.06,1.19,-0.22,0.11
43613,-0.67,-1.80,11.68,1.13,-0.23,0.10
43656,-0.71,-1.56,11.38,1.05,-0.22,0.10
43698,-0.76,-1.46,11.05,0.93,-0.20,0.07
43741,-0.60,-1.47,10.84,0.87,-0.17,0.08
43784,-0.50,-1.71,10.75,0.82,-0.16,0.05
43826,-0.73,-1.57,10.41,0.75,-0.13,0.08
43869,-0.64,-1.48,10.01,0.64,-0.12,0.09
43912,-0.52,-1.43,9.61,0.51,-0.10,0.06
43953,-0.53,-1.38,9.41,0.39,-0.08,0.05
43995,-0.55,-1.36,9.24,0.31,-0.07,0.08
44037,-0.47,-1.40,9.32,0.23,-0.01,0.06
44078,-0.62,-1.27,9.30,0.14,-0.04,0.05
44120,-0.65,-1.17,8.97,0.04,0.00,0.00
44160,-0.71,-0.99,9.16,-0.06,0.02,-0.00
44203,-0.89,-0.84,9.01,-0.19,0.01,-0.03
44246,-0.74,-0.83,9.13,-0.35,0.04,-0.01
44288,-0.72,-1.21,9.43,-0.53,0.05,-0.03
44331,-0.71,-1.53,9.99,-0.70,0.10,-0.04
44374,-0.76,-1.81,10.53,-0.67,0.14,-0.03
44417,-0.56,-1.83,10.83,-0.65,0.19,-0.04
44461,-0.78,-1.59,10.61,-0.70,0.18,-0.04
44505,-1.07,-1.28,10.76,-0.62,0.02,-0.06
44548,-0.93,-2.32,12.33,-1.39,0.29,-0.10
44592,-1.01,-1.12,11.63,-1.23,0.19,-0.12
44636,-1.10,-1.60,12.17,-1.26,0.13,-0.11
44679,-0.97,-2.06,12.15,-1.22,0.16,-0.04
44723,-0.81,-2.42,11.90,-1.22,0.18,-0.01
44767,-0.93,-2.39,12.40,-1.24,0.16,-0.03
44810,-0.85,-1.98,11.60,-1.20,0.19,-0.05
44854,-0.89,-2.02,12.07,-1.25,0.23,-0.05
44898,-0.93,-2.07,11.63,-1.20,0.16,0.00
44940,-0.64,-2.29,11.03,-1.14,0.24,0.01
44983,-0.96,-2.62,11.34,-1.03,0.19,-0.04
45026,-0.74,-2.12,10.68,-0.92,0.15,-0.05
45070,-0.87,-2.32,10.47,-0.86,0.13,-0.04
45114,-0.56,-1.86,9.82,-0.80,0.07,-0.05
45156,-0.54,-2.17,9.82,-0.74,0.06,-0.03
45199,-0.48,-2.15,9.14,-0.66,0.05,-0.01
45242,-0.52,-1.67,8.83,-0.53,0.04,-0.11
45284,-0.62,-1.98,8.60,-0.44,-0.00,-0.02
45328,-0.40,-1.18,8.07,-0.31,-0.04,-0.11
45372,-0.30,-1.92,8.19,-0.26,-0.03,-0.11
45415,-0.69,-2.35,9.11,-0.07,-0.18,-0.15
45459,-0.13,-2.68,7.98,0.06,-0.06,-0.23
45502,0.14,-0.91,8.51,0.23,0.06,-0.18
45542,-0.41,-1.68,8.87,0.40,-0.10,0.08
45584,-0.07,-1.97,7.86,0.48,-0.14,0.07
45625,-0.27,-1.97,9.14,0.55,-0.07,0.03
45667,-0.28,-2.11,9.97,0.65,-0.12,0.01
45709,-0.28,-1.87,9.97,0.75,-0.15,-0.01
45751,-0.24,-2.13,10.25,0.83,-0.12,0.07
45794,-0.39,-2.37,10.79,0.94,-0.12,0.12
45837,-0.44,-2.60,11.26,1.06,-0.17,0.07
45879,-0.60,-2.19,11.43,1.17,-0.18,0.05
45922,-0.50,-2.26,11.66,1.20,-0.18,0.07
45965,-0.51,-2.49,12.06,1.23,-0.19,0.08
46007,-0.36,-2.56,12.24,1.27,-0.20,0.11
46050,-0.51,-2.40,12.24,1.29,-0.19,0.12
46092,-0.63,-2.22,12.28,1.20,-0.20,0.12
46135,-0.81,-2.16,12.48,1.18,-0.21,0.13
46178,-0.88,-2.20,12.20,1.21,-0.25,0.14
46220,-0.92,-2.41,12.18,1.24,-0.21,0.14
46263,-0.77,-2.24,11.45,1.17,-0.20,0.15
46306,-0.67,-1.89,11.19,1.04,-0.16,0.11
46348,-0.88,-1.90,11.09,0.95,-0.15,0.14
46391,-0.72,-2.13,10.94,0.88,-0.14,0.11
46434,-0.74,-2.06,10.43,0.84,-0.12,0.09
46476,-0.74,-1.94,9.74,0.73,-0.13,0.05
46518,-0.92,-1.60,9.79,0.62,-0.07,0.05
46559,-0.65,-1.50,9.26,0.50,-0.11,0.08
46601,-0.61,-1.34,9.32,0.37,-0.08,0.08
46643,-0.55,-1.31,9.07,0.29,-0.06,0.08
46684,-0.66,-1.20,8.95,0.17,-0.06,0.07
46726,-0.67,-1.13,9.01,0.05,-0.02,0.03
46768,-0.80,-0.95,8.94,-0.09,-0.00,0.01
46810,-0.79,-1.14,9.07,-0.23,-0.00,0.01
46853,-0.63,-1.43,9.35,-0.36,0.02,-0.02
46896,-0.57,-1.42,9.51,-0.47,0.04,-0.06
46938,-0.55,-1.40,10.11,-0.53,0.06,-0.07
46982,-0.59,-1.29,9.96,-0.66,0.06,-0.08
47024,-0.74,-1.21,10.33,-0.80,0.06,-0.07
47068,-0.74,-1.44,10.77,-0.94,0.08,-0.06
47112,-0.86,-1.84,11.16,-1.02,0.09,-0.05
47155,-0.87,-2.20,11.41,-1.09,0.07,-0.05
47199,-0.73,-2.32,11.54,-1.13,0.11,-0.07
47243,-0.68,-2.17,12.08,-1.16,0.14,-0.08
47286,-0.45,-2.15,12.55,-1.19,0.15,-0.09
47330,-0.53,-2.00,12.35,-1.24,0.14,-0.08
47374,-0.73,-1.86,12.20,-1.25,0.14,-0.09
47417,-0.74,-1.88,12.21,-1.22,0.12,-0.05
47461,-0.61,-2.13,12.08,-1.21,0.13,-0.02
47505,-0.46,-2.28,11.76,-1.27,0.08,-0.03
47548,-0.47,-2.27,11.70,-1.26,0.06,-0.04
47592,-0.39,-2.22,11.51,-1.15,0.07,-0.02
47636,-0.28,-2.19,11.03,-1.02,0.09,-0.02
47679,-0.17,-1.98,10.33,-0.94,0.08,0.00
47722,-0.14,-2.09,9.99,-0.87,0.05,0.01
47764,-0.32,-2.15,9.61,-0.86,-0.01,0.03
47806,-0.03,-2.39,9.33,-0.76,-0.04,0.06
47849,-0.24,-2.15,8.68,-0.62,-0.05,0.03
47891,-0.14,-2.16,8.73,-0.46,-0.04,-0.01
47935,0.07,-2.25,8.31,-0.32,-0.02,-0.01
47978,0.26,-2.30,8.15,-0.16,-0.02,-0.01
48020,0.02,-2.21,8.34,0.01,-0.06,-0.00
48062,-0.00,-2.26,8.19,0.20,-0.06,0.02
48104,0.11,-2.15,8.30,0.31,-0.03,0.01
48144,0.03,-1.86,8.39,0.38,-0.02,0.00
48185,-0.05,-2.11,8.93,0.48,-0.08,0.02
48227,-0.09,-2.09,8.81,0.52,-0.11,0.01
48268,-0.03,-2.21,9.29,0.68,-0.11,0.03
48310,-0.15,-2.23,9.78,0.80,-0.12,0.03
48351,-0.04,-2.15,10.21,0.89,-0.12,0.02
48394,-0.16,-2.09,10.42,0.94,-0.16,0.04
48437,-0.11,-2.13,10.71,0.94,-0.18,0.07
48479,-0.10,-2.37,11.46,1.03,-0.16,0.09
48522,-0.14,-2.47,11.72,1.14,-0.17,0.09
48565,-0.05,-2.50,11.89,1.17,-0.18,0.10
48607,-0.34,-2.21,12.11,1.21,-0.20,0.09
48650,-0.34,-2.30,12.21,1.22,-0.22,0.08
48693,-0.43,-2.41,12.33,1.23,-0.20,0.07
48735,-0.36,-2.42,12.38,1.22,-0.21,0.05
48778,-0.37,-2.25,12.27,1.21,-0.18,0.05
48820,-0.34,-2.21,12.10,1.18,-0.16,0.07
48863,-0.40,-2.11,11.88,1.15,-0.18,0.08
48906,-0.53,-2.08,11.64,1.11,-0.17,0.10
48948,-0.40,-1.97,11.12,1.05,-0.11,0.11
48991,-0.45,-1.59,10.89,0.97,-0.13,0.06
49034,-0.51,-1.52,10.69,0.89,-0.17,0.02
49076,-0.39,-1.53,10.26,0.73,-0.09,0.08
49119,-0.54,-2.06,9.75,0.62,-0.05,0.07
49161,-0.63,-2.22,9.73,0.54,-0.07,0.01
49202,-0.49,-1.84,9.51,0.47,-0.12,0.02
49244,-0.38,-1.42,9.02,0.36,-0.08,0.06
49285,-0.40,-1.31,9.07,0.20,-0.03,0.04
49327,-0.54,-1.29,8.84,0.04,-0.02,0.02
49369,-0.51,-1.33,8.92,-0.07,-0.05,0.04
49411,-0.35,-1.27,9.07,-0.16,-0.00,0.06
49454,-0.41,-1.16,9.28,-0.25,0.06,0.04
49496,-0.63,-1.35,9.30,-0.39,0.09,0.01
49537,-0.54,-1.65,10.00,-0.54,0.15,0.02
49580,-0.65,-1.21,9.98,-0.60,0.21,0.03
49620,-0.79,-1.15,9.60,-0.75,0.15,0.03
49662,-1.06,-1.28,10.51,-0.91,0.17,-0.02
49707,-1.15,-1.39,10.64,-1.04,0.03,0.14
49748,-0.24,-1.84,11.64,-1.08,0.20,0.05
49792,-0.91,-0.89,12.15,-0.82,0.21,0.04
49835,-1.03,-1.13,11.35,-0.88,0.10,-0.24
49878,-0.40,1.03,10.58,-1.04,0.03,-0.24
49921,-0.00,-0.93,11.55,-1.20,0.12,-0.01
49965,-0.55,-2.11,12.28,-1.32,0.20,0.01
50007,-0.67,-2.84,12.12,-1.29,0.21,-0.07
50051,-1.16,-2.88,11.61,-1.24,0.17,-0.17
50095,-1.68,-3.15,12.32,-1.13,0.09,-0.16
50138,-0.57,-2.97,11.63,-1.08,0.21,-0.26
50182,-0.75,-1.60,11.25,-1.04,0.17,-0.20
50226,0.01,-3.00,11.05,-1.03,0.07,0.10
50267,-0.35,-3.06,10.99,-1.01,0.13,0.07
50310,-0.22,-2.40,10.40,-0.96,0.12,0.17
50352,-0.78,-2.35,10.36,-0.88,0.17,0.17
50395,-0.86,-2.22,9.86,-0.72,0.18,0.11
50437,-0.76,-1.95,9.02,-0.64,0.07,0.06
50478,-0.99,-2.34,8.83,-0.54,-0.00,-0.00
50522,-0.68,-2.41,9.11,-0.45,-0.05,-0.06
50566,-0.31,-2.30,8.54,-0.27,-0.07,-0.06
50609,-0.17,-2.15,8.61,-0.11,-0.02,-0.03
50653,-0.27,-2.19,8.46,-0.08,-0.01,-0.01
50697,-0.45,-2.07,8.45,-0.03,0.01,0.01
50738,-0.43,-2.04,8.41,0.10,-0.05,0.04
50780,-0.47,-2.47,8.49,0.26,-0.08,0.03
50822,-0.39,-2.43,8.81,0.44,-0.08,0.02
50863,-0.35,-2.17,9.07,0.52,-0.10,0.02
50905,-0.46,-2.19,9.46,0.58,-0.10,0.10
50946,-0.42,-1.56,9.55,0.65,-0.15,-0.22
50989,-0.38,-2.18,10.04,0.73,-0.16,-0.02
51033,-0.29,-2.71,10.39,0.88,-0.17,0.02
51075,-0.23,-2.78,10.68,1.03,-0.19,0.08
51118,-0.34,-2.52,10.85,1.06,-0.20,0.07
51161,-0.50,-2.33,11.22,1.02,-0.20,0.05
51203,-0.56,-2.34,11.44,1.06,-0.21,0.03
51246,-0.42,-2.33,11.79,1.18,-0.26,0.06
51289,-0.56,-2.78,11.93,1.23,-0.25,0.09
51331,-0.61,-2.23,11.81,1.12,-0.23,0.09
51374,-0.43,-2.38,11.76,1.08,-0.25,0.09
51416,-0.23,-1.98,12.15,1.10,-0.22,0.08
51459,-0.16,-2.13,11.79,1.13,-0.16,0.09
51502,-0.84,-2.34,11.12,1.07,-0.15,0.15
51544,-0.57,-2.09,11.19,0.90,-0.17,0.13
51587,-0.64,-2.04,11.30,0.88,-0.15,0.10
51630,-0.28,-2.13,10.99,0.90,-0.19,0.05
51672,-0.15,-1.63,10.49,0.85,-0.15,0.03
51715,-0.68,-1.85,10.00,0.74,-0.12,0.07
51758,-0.72,-1.83,9.81,0.58,-0.14,0.01
51799,-0.45,-1.65,9.63,0.45,-0.13,0.06
51841,-0.29,-1.58,9.69,0.41,-0.07,0.03
51881,-0.37,-1.51,9.34,0.38,-0.08,0.01
51923,-0.30,-1.41,9.01,0.21,-0.08,-0.00
51966,-0.46,-1.58,9.05,0.05,-0.03,0.01
52007,-0.51,-1.58,9.20,-0.06,-0.03,0.03
52050,-0.56,-1.57,9.28,-0.16,-0.01,0.01
