410,-0.28,0.24,10.07,-0.00,-0.03,0.02
446,-0.31,0.28,10.07,-0.00,-0.04,0.02
481,-0.27,0.17,10.12,-0.00,-0.03,0.02
517,-0.26,0.24,9.89,-0.01,-0.04,0.02
551,-0.31,0.24,10.20,-0.01,-0.03,0.02
587,-0.28,0.30,10.11,0.00,-0.03,0.02
622,-0.30,0.20,10.04,-0.00,-0.03,0.02
658,-0.26,0.18,10.13,-0.01,-0.03,0.02
698,-0.23,0.16,10.10,-0.00,-0.03,0.02
739,-0.31,0.19,10.01,-0.00,-0.03,0.02
780,-0.28,0.19,10.07,-0.00,-0.02,0.02
820,-0.26,0.18,10.10,-0.00,-0.03,0.02
861,-0.31,0.18,10.09,-0.00,-0.02,0.02
901,-0.29,0.19,10.06,-0.00,-0.02,0.02
942,-0.28,0.22,10.08,-0.01,-0.03,0.02
983,-0.32,0.22,10.09,-0.01,-0.02,0.02
1022,-0.30,0.21,10.12,-0.00,-0.02,0.02
1064,-0.32,0.22,10.10,-0.00,-0.02,0.02
1106,-0.32,0.19,10.09,-0.00,-0.02,0.02
1147,-0.32,0.19,10.08,0.00,-0.02,0.02
1188,-0.36,0.21,10.08,0.00,-0.02,0.02
1228,-0.35,0.20,10.06,-0.00,-0.02,0.02
1270,-0.35,0.19,10.09,0.00,-0.02,0.02
1311,-0.38,0.18,10.12,0.01,-0.02,0.02
1351,-0.37,0.21,10.07,0.01,-0.02,0.02
1392,-0.39,0.21,10.07,0.00,-0.02,0.02
1432,-0.39,0.19,10.09,0.00,-0.02,0.02
1473,-0.40,0.17,10.06,0.00,-0.02,0.02
1514,-0.40,0.18,10.06,0.00,-0.02,0.02
1554,-0.40,0.17,10.06,0.00,-0.02,0.02
1595,-0.42,0.18,10.10,0.01,-0.02,0.02
1636,-0.42,0.21,10.09,0.01,-0.02,0.02
1676,-0.41,0.19,10.08,0.01,-0.03,0.02
1717,-0.41,0.18,10.09,0.01,-0.03,0.02
1757,-0.42,0.18,10.06,0.01,-0.03,0.02
1798,-0.41,0.19,10.07,0.01,-0.03,0.02
1839,-0.43,0.18,10.07,0.01,-0.03,0.02
1879,-0.42,0.18,10.10,0.01,-0.03,0.02
1920,-0.40,0.20,10.06,0.01,-0.03,0.02
1959,-0.39,0.17,10.08,0.01,-0.03,0.02
2000,-0.40,0.19,10.06,0.01,-0.03,0.02
2041,-0.40,0.19,10.09,0.01,-0.03,0.02
2081,-0.39,0.19,10.07,0.01,-0.03,0.02
2122,-0.39,0.19,10.07,0.01,-0.04,0.02
2162,-0.37,0.19,10.08,0.01,-0.03,0.02
2203,-0.37,0.19,10.09,0.01,-0.04,0.02
2244,-0.36,0.20,10.07,0.01,-0.04,0.02
2284,-0.37,0.19,10.08,0.01,-0.04,0.02
2325,-0.34,0.19,10.06,0.01,-0.04,0.02
2365,-0.36,0.21,10.10,0.01,-0.04,0.02
2406,-0.32,0.20,10.07,0.01,-0.04,0.02
2447,-0.31,0.22,10.07,0.01,-0.04,0.02
2487,-0.30,0.20,10.09,0.01,-0.04,0.02
2528,-0.30,0.23,10.06,0.01,-0.04,0.02
2569,-0.31,0.22,10.07,0.00,-0.04,0.02
2609,-0.30,0.23,10.05,0.00,-0.04,0.02
2650,-0.29,0.22,10.09,0.00,-0.03,0.02
2690,-0.29,0.22,10.09,0.00,-0.03,0.02
2731,-0.27,0.22,10.06,0.00,-0.03,0.02
2771,-0.28,0.21,10.08,0.00,-0.03,0.02
2811,-0.28,0.22,10.09,-0.00,-0.03,0.02
2853,-0.29,0.25,10.10,-0.00,-0.03,0.02
2894,-0.27,0.24,10.05,-0.00,-0.03,0.02
2936,-0.26,0.20,10.10,-0.00,-0.03,0.02
2978,-0.26,0.23,10.08,-0.00,-0.03,0.02
3019,-0.27,0.22,10.06,-0.00,-0.03,0.02
3061,-0.30,0.23,10.07,-0.00,-0.03,0.02
3103,-0.29,0.22,10.09,-0.00,-0.03,0.02
3144,-0.30,0.22,10.09,-0.00,-0.03,0.02
3186,-0.30,0.19,10.07,-0.00,-0.02,0.02
3227,-0.28,0.22,10.06,-0.00,-0.02,0.02
3269,-0.30,0.21,10.03,-0.00,-0.02,0.02
3311,-0.32,0.21,10.10,-0.01,-0.02,0.02
3352,-0.32,0.24,10.08,-0.01,-0.02,0.02
3394,-0.35,0.21,10.07,-0.01,-0.02,0.02
3436,-0.35,0.21,10.07,-0.00,-0.02,0.02
3477,-0.34,0.22,10.06,-0.00,-0.02,0.02
3519,-0.36,0.21,10.07,-0.00,-0.02,0.02
3560,-0.36,0.22,10.11,-0.00,-0.02,0.02
3602,-0.37,0.18,10.06,-0.00,-0.02,0.02
3644,-0.38,0.19,10.09,-0.00,-0.02,0.02
3685,-0.37,0.21,10.09,-0.00,-0.02,0.02
3727,-0.39,0.18,10.05,-0.00,-0.02,0.02
3769,-0.38,0.18,10.07,0.00,-0.02,0.02
3809,-0.40,0.19,10.07,0.00,-0.02,0.02
3850,-0.41,0.18,10.08,0.00,-0.02,0.02
3890,-0.42,0.17,10.07,0.00,-0.02,0.02
3931,-0.40,0.16,10.04,0.00,-0.03,0.02
3972,-0.42,0.18,10.09,0.00,-0.03,0.02
4012,-0.42,0.18,10.07,0.00,-0.03,0.02
4052,-0.41,0.17,10.06,0.00,-0.03,0.02
4092,-0.42,0.18,10.07,0.00,-0.03,0.02
4133,-0.40,0.18,10.05,0.01,-0.03,0.02
4174,-0.40,0.17,10.10,0.01,-0.03,0.02
4214,-0.40,0.20,10.07,0.01,-0.03,0.02
4255,-0.40,0.19,10.07,0.01,-0.03,0.02
4296,-0.42,0.19,10.07,0.01,-0.03,0.02
4336,-0.40,0.17,10.09,0.01,-0.03,0.02
4377,-0.40,0.20,10.08,0.01,-0.03,0.02
4417,-0.36,0.18,10.07,0.01,-0.03,0.02
4458,-0.37,0.22,10.09,0.01,-0.03,0.02
4499,-0.36,0.19,10.07,0.01,-0.04,0.02
4539,-0.37,0.21,10.07,0.01,-0.03,0.02
4580,-0.36,0.21,10.07,0.01,-0.03,0.02
4620,-0.34,0.20,10.07,0.01,-0.04,0.02
4661,-0.34,0.19,10.10,0.01,-0.04,0.02
4702,-0.31,0.18,10.07,0.01,-0.04,0.02
4742,-0.32,0.23,10.09,0.01,-0.04,0.02
4783,-0.28,0.22,10.05,0.01,-0.04,0.02
4823,-0.29,0.21,10.09,0.01,-0.03,0.02
4864,-0.30,0.22,10.07,0.01,-0.03,0.02
4904,-0.30,0.22,10.10,0.01,-0.03,0.02
4944,-0.28,0.22,10.08,0.00,-0.03,0.02
4985,-0.27,0.22,10.10,0.00,-0.03,0.02
5025,-0.29,0.23,10.07,0.01,-0.03,0.02
5066,-0.26,0.22,10.09,0.00,-0.03,0.02
5107,-0.27,0.19,10.06,0.00,-0.03,0.02
5147,-0.29,0.22,10.06,0.00,-0.03,0.02
5188,-0.27,0.23,10.07,0.00,-0.03,0.02
5229,-0.28,0.25,10.11,0.00,-0.03,0.02
5269,-0.27,0.23,10.07,0.00,-0.03,0.02
5310,-0.28,0.22,10.08,0.00,-0.03,0.02
5350,-0.27,0.21,10.07,0.00,-0.03,0.02
5391,-0.26,0.21,10.05,-0.00,-0.03,0.02
5433,-0.30,0.21,10.08,-0.00,-0.02,0.02
5474,-0.30,0.20,10.07,-0.00,-0.02,0.02
5516,-0.28,0.22,10.08,-0.00,-0.02,0.02
5557,-0.31,0.21,10.08,-0.00,-0.02,0.02
5599,-0.29,0.22,10.10,-0.00,-0.02,0.02
5641,-0.33,0.23,10.07,-0.00,-0.02,0.02
5682,-0.33,0.22,10.10,-0.00,-0.02,0.02
5724,-0.33,0.20,10.07,-0.01,-0.02,0.02
5766,-0.38,0.22,10.07,-0.00,-0.02,0.02
5807,-0.34,0.19,10.08,-0.01,-0.02,0.02
5849,-0.35,0.22,10.07,-0.00,-0.02,0.02
5890,-0.36,0.23,10.08,-0.00,-0.02,0.02
5932,-0.36,0.21,10.07,-0.00,-0.02,0.02
5974,-0.38,0.19,10.09,-0.00,-0.02,0.02
6014,-0.39,0.20,10.06,-0.00,-0.02,0.02
6056,-0.40,0.17,10.09,-0.00,-0.02,0.02
6098,-0.41,0.18,10.13,-0.00,-0.02,0.02
6139,-0.41,0.16,10.07,-0.00,-0.03,0.02
6181,-0.40,0.17,10.04,-0.00,-0.03,0.02
6222,-0.40,0.17,10.09,-0.00,-0.03,0.02
6264,-0.41,0.15,10.11,-0.01,-0.03,0.02
6306,-0.40,0.13,10.07,-0.01,-0.03,0.02
6347,-0.38,0.15,10.05,-0.00,-0.03,0.02
6389,-0.42,0.13,10.09,0.00,-0.03,0.02
6430,-0.38,0.10,10.12,-0.00,-0.03,0.02
6471,-0.37,0.05,10.06,-0.01,-0.04,0.02
6513,-0.36,0.02,10.04,-0.01,-0.04,0.02
6554,-0.33,-0.06,10.12,-0.02,-0.04,0.02
6597,-0.29,-0.11,10.09,-0.02,-0.04,0.02
6640,-0.26,-0.19,10.09,-0.02,-0.04,0.02
6682,-0.22,-0.26,10.09,-0.03,-0.05,0.02
6725,-0.20,-0.29,10.11,-0.04,-0.05,0.02
6768,-0.18,-0.35,10.12,-0.06,-0.06,0.01
6810,-0.17,-0.41,10.14,-0.07,-0.06,0.02
6853,-0.15,-0.42,10.12,-0.08,-0.06,0.02
6896,-0.14,-0.45,10.11,-0.08,-0.07,0.02
6938,-0.12,-0.45,10.18,-0.09,-0.07,0.02
6981,-0.10,-0.48,10.14,-0.11,-0.07,0.02
7023,-0.08,-0.53,10.13,-0.12,-0.08,0.01
7066,-0.07,-0.51,10.13,-0.13,-0.08,0.01
7109,-0.07,-0.50,10.16,-0.14,-0.08,0.01
7151,-0.06,-0.51,10.13,-0.14,-0.08,0.01
7194,-0.05,-0.56,10.14,-0.15,-0.08,0.01
7237,-0.04,-0.60,10.14,-0.15,-0.08,0.01
7279,0.00,-0.66,10.18,-0.16,-0.09,0.01
7321,0.01,-0.76,10.16,-0.17,-0.09,0.01
7363,0.06,-0.79,10.14,-0.17,-0.09,0.01
7404,0.05,-0.86,10.14,-0.17,-0.09,0.01
7446,0.10,-0.91,10.14,-0.18,-0.09,0.01
7487,0.09,-0.92,10.15,-0.18,-0.09,0.01
7529,0.08,-0.90,10.15,-0.18,-0.09,0.01
7571,0.06,-0.94,10.10,-0.18,-0.09,0.01
7612,0.09,-0.96,10.08,-0.18,-0.09,0.01
7654,0.07,-0.96,10.10,-0.17,-0.08,0.01
7696,0.07,-1.02,10.10,-0.17,-0.08,0.02
7737,0.13,-1.07,10.04,-0.17,-0.08,0.01
7779,0.13,-1.16,10.07,-0.17,-0.08,0.01
7820,0.12,-1.16,10.06,-0.16,-0.08,0.01
7862,0.10,-1.22,10.04,-0.15,-0.07,0.00
7904,0.15,-1.24,9.96,-0.14,-0.07,0.00
7944,0.13,-1.29,9.98,-0.13,-0.07,0.01
7985,0.07,-1.25,9.97,-0.12,-0.06,0.01
8026,0.08,-1.24,9.96,-0.11,-0.06,0.02
8066,0.08,-1.22,9.96,-0.11,-0.06,0.02
8107,0.09,-1.21,9.93,-0.09,-0.06,0.02
8146,0.05,-1.11,9.90,-0.08,-0.05,0.02
8187,0.03,-0.99,9.92,-0.05,-0.05,0.02
8228,-0.06,-0.83,9.87,-0.02,-0.04,0.02
8269,-0.16,-0.54,9.80,0.01,-0.02,0.02
8310,-0.28,-0.20,9.84,0.05,-0.01,0.03
8350,-0.27,0.02,9.87,0.08,-0.01,0.03
8390,-0.32,0.05,9.86,0.12,0.01,0.02
8429,-0.31,0.11,9.87,0.16,0.02,0.03
8467,-0.30,0.16,9.97,0.20,0.03,0.03
8506,-0.32,0.19,9.97,0.24,0.05,0.03
8544,-0.33,0.16,10.00,0.28,0.06,0.03
8584,-0.32,0.30,10.11,0.34,0.08,0.04
8624,-0.36,0.45,10.18,0.37,0.10,0.04
8663,-0.34,0.42,10.27,0.39,0.10,0.04
8702,-0.38,0.40,10.34,0.42,0.11,0.05
8741,-0.38,0.35,10.39,0.45,0.13,0.05
8781,-0.43,0.39,10.43,0.48,0.14,0.06
8820,-0.52,0.51,10.48,0.51,0.14,0.07
8860,-0.53,0.54,10.57,0.53,0.15,0.07
8900,-0.57,0.64,10.61,0.55,0.16,0.07
8939,-0.65,0.77,10.64,0.55,0.16,0.08
8979,-0.60,0.78,10.63,0.55,0.16,0.07
9018,-0.61,0.78,10.63,0.56,0.16,0.06
9058,-0.67,0.93,10.58,0.57,0.17,0.06
9098,-0.69,0.95,10.61,0.58,0.17,0.05
9137,-0.68,0.96,10.59,0.56,0.16,0.05
9177,-0.69,0.97,10.47,0.55,0.15,0.04
9216,-0.67,0.95,10.42,0.53,0.15,0.05
9255,-0.69,0.93,10.37,0.51,0.14,0.05
9295,-0.65,0.96,10.28,0.48,0.13,0.06
9334,-0.60,0.90,10.18,0.46,0.12,0.06
9374,-0.61,1.01,10.08,0.44,0.12,0.06
9413,-0.61,0.99,10.02,0.39,0.10,0.06
9453,-0.58,0.91,9.90,0.34,0.08,0.06
9492,-0.56,0.87,9.81,0.29,0.06,0.05
9530,-0.58,0.97,9.72,0.25,0.05,0.04
9569,-0.58,0.95,9.70,0.21,0.04,0.03
9607,-0.54,0.76,9.66,0.16,0.02,0.02
9646,-0.44,0.65,9.59,0.11,0.00,0.02
9683,-0.41,0.53,9.57,0.05,-0.02,0.01
9723,-0.35,0.41,9.60,-0.03,-0.04,-0.00
9765,-0.31,0.29,9.62,-0.10,-0.07,-0.00
9806,-0.28,0.12,9.72,-0.17,-0.09,-0.01
9848,-0.24,0.07,9.74,-0.23,-0.11,-0.01
9890,-0.28,-0.03,9.87,-0.30,-0.13,-0.00
9932,-0.25,-0.17,10.05,-0.38,-0.16,0.00
9975,-0.22,-0.26,10.17,-0.46,-0.18,0.01
10017,-0.17,-0.35,10.39,-0.53,-0.21,0.00
10061,-0.15,-0.51,10.59,-0.61,-0.23,-0.00
10106,-0.10,-0.68,10.83,-0.68,-0.26,-0.02
10150,-0.17,-0.68,11.05,-0.73,-0.27,-0.03
10195,-0.19,-0.72,11.30,-0.78,-0.29,-0.04
10241,-0.23,-0.87,11.52,-0.85,-0.31,-0.05
10285,-0.33,-0.45,11.59,-0.87,-0.33,-0.04
10330,-0.34,0.22,11.48,-0.86,-0.31,-0.06
10374,-0.53,0.35,11.65,-0.86,-0.33,-0.05
10417,-0.51,0.25,11.51,-0.86,-0.32,-0.05
10461,-0.45,0.28,11.37,-0.85,-0.32,-0.04
10505,-0.46,0.29,11.25,-0.83,-0.32,-0.03
10548,-0.48,0.20,10.94,-0.79,-0.30,-0.01
10592,-0.39,0.18,10.65,-0.70,-0.27,-0.01
10636,-0.36,0.18,10.54,-0.62,-0.24,-0.01
10679,-0.40,0.18,10.34,-0.58,-0.23,-0.01
10723,-0.34,0.14,10.06,-0.54,-0.21,-0.01
10767,-0.31,0.13,9.83,-0.47,-0.19,-0.02
10809,-0.32,0.13,9.63,-0.37,-0.16,-0.02
10852,-0.29,0.15,9.41,-0.28,-0.13,-0.01
10895,-0.26,0.11,9.36,-0.16,-0.09,-0.01
10937,-0.27,0.10,9.35,-0.08,-0.06,-0.00
10980,-0.26,0.15,9.34,-0.02,-0.04,0.01
11022,-0.24,0.14,9.31,0.05,-0.02,0.02
11062,-0.25,0.11,9.33,0.14,0.01,0.03
11102,-0.25,0.13,9.35,0.23,0.05,0.05
11141,-0.24,0.14,9.53,0.33,0.07,0.06
11181,-0.28,0.15,9.73,0.42,0.11,0.07
11220,-0.28,0.12,9.91,0.49,0.13,0.07
11259,-0.30,0.16,10.10,0.53,0.15,0.07
11300,-0.32,0.15,10.35,0.58,0.16,0.07
11340,-0.30,0.14,10.46,0.63,0.18,0.06
11381,-0.33,0.18,10.67,0.71,0.21,0.06
11422,-0.36,0.21,10.94,0.78,0.23,0.06
11462,-0.36,0.23,11.17,0.83,0.25,0.06
11503,-0.38,0.23,11.30,0.85,0.26,0.06
11543,-0.40,0.26,11.38,0.85,0.26,0.06
11584,-0.39,0.25,11.47,0.85,0.26,0.07
11625,-0.42,0.28,11.53,0.87,0.27,0.07
11665,-0.44,0.28,11.54,0.90,0.28,0.09
11706,-0.42,0.29,11.59,0.90,0.28,0.10
11746,-0.44,0.27,11.49,0.88,0.27,0.10
11787,-0.44,0.31,11.36,0.83,0.26,0.09
11828,-0.42,0.26,11.23,0.79,0.24,0.09
11868,-0.41,0.26,11.05,0.75,0.23,0.08
11909,-0.42,0.27,10.87,0.73,0.22,0.07
11949,-0.42,0.25,10.65,0.70,0.21,0.06
11990,-0.41,0.25,10.46,0.64,0.19,0.05
12030,-0.42,0.27,10.21,0.56,0.16,0.04
12070,-0.39,0.26,9.97,0.47,0.13,0.04
12110,-0.39,0.24,9.86,0.39,0.11,0.03
12149,-0.38,0.25,9.67,0.33,0.09,0.03
12189,-0.36,0.27,9.56,0.27,0.06,0.04
12229,-0.36,0.27,9.50,0.20,0.04,0.04
12268,-0.34,0.21,9.40,0.12,0.01,0.04
12308,-0.35,0.21,9.38,0.01,-0.02,0.03
12348,-0.31,-0.07,9.42,-0.10,-0.06,0.03
12391,-0.23,-0.22,9.48,-0.20,-0.10,0.03
12434,-0.17,-0.46,9.56,-0.29,-0.13,0.01
12476,-0.12,-0.85,9.83,-0.38,-0.16,-0.00
12520,0.07,-1.18,10.07,-0.47,-0.19,-0.01
12564,-0.01,-1.22,10.40,-0.59,-0.23,-0.03
12608,0.03,-1.30,10.72,-0.72,-0.28,-0.05
12652,-0.10,-0.81,11.06,-0.80,-0.31,-0.06
12697,-0.44,0.11,11.31,-0.83,-0.32,-0.05
12740,-0.54,0.35,11.74,-0.85,-0.32,-0.05
12784,-0.44,0.39,11.65,-0.93,-0.36,-0.04
12828,-0.47,0.28,11.82,-0.99,-0.38,-0.04
12871,-0.54,0.33,12.13,-1.03,-0.38,-0.03
12915,-0.42,0.39,11.89,-1.02,-0.38,-0.03
12959,-0.42,0.27,11.80,-0.97,-0.37,-0.02
13002,-0.47,0.28,11.83,-0.90,-0.33,-0.02
13046,-0.40,0.30,11.67,-0.92,-0.33,-0.03
13090,-0.36,0.22,11.44,-0.94,-0.36,-0.05
13133,-0.38,0.21,11.26,-0.90,-0.34,-0.05
13177,-0.34,0.21,10.76,-0.81,-0.29,-0.05
13221,-0.27,0.20,10.51,-0.70,-0.27,-0.05
13264,-0.30,0.20,10.39,-0.61,-0.24,-0.04
13308,-0.28,0.22,10.06,-0.55,-0.21,-0.02
13352,-0.26,0.18,9.85,-0.52,-0.21,-0.01
13394,-0.26,0.18,9.66,-0.46,-0.18,-0.00
13437,-0.20,0.14,9.20,-0.34,-0.14,0.01
13478,-0.18,0.10,9.02,-0.20,-0.10,0.03
13520,-0.22,0.10,9.13,-0.08,-0.06,0.03
13562,-0.22,0.09,9.16,0.02,-0.01,0.04
13602,-0.22,0.11,9.19,0.08,0.00,0.04
13642,-0.24,0.09,9.24,0.13,0.02,0.04
13682,-0.24,0.09,9.31,0.21,0.04,0.03
13721,-0.24,0.09,9.30,0.31,0.08,0.03
13761,-0.23,0.08,9.42,0.43,0.12,0.03
13800,-0.29,0.11,9.79,0.55,0.16,0.04
13840,-0.32,0.15,10.12,0.63,0.19,0.05
13881,-0.34,0.17,10.34,0.67,0.20,0.05
13921,-0.38,0.18,10.64,0.69,0.21,0.05
13962,-0.39,0.19,10.88,0.74,0.23,0.07
14002,-0.41,0.21,10.98,0.82,0.26,0.08
14043,-0.44,0.21,11.27,0.91,0.28,0.09
14084,-0.47,0.23,11.61,0.97,0.30,0.10
14124,-0.47,0.25,11.75,0.98,0.31,0.11
14164,-0.51,0.23,11.84,0.96,0.30,0.10
14204,-0.52,0.26,11.94,0.93,0.29,0.10
14245,-0.49,0.22,11.87,0.96,0.30,0.09
14286,-0.53,0.23,11.82,1.00,0.31,0.08
14326,-0.51,0.28,11.88,1.02,0.32,0.08
14367,-0.54,0.26,11.70,0.98,0.30,0.07
14407,-0.53,0.25,11.45,0.90,0.28,0.07
14448,-0.50,0.28,11.32,0.83,0.25,0.06
14489,-0.52,0.28,11.15,0.78,0.24,0.07
14529,-0.46,0.26,10.80,0.76,0.23,0.07
14570,-0.46,0.29,10.61,0.73,0.22,0.08
14610,-0.45,0.28,10.35,0.68,0.20,0.08
14651,-0.41,0.25,9.98,0.57,0.16,0.08
14691,-0.40,0.24,9.73,0.45,0.12,0.07
14730,-0.39,0.25,9.63,0.35,0.09,0.06
14770,-0.39,0.24,9.52,0.28,0.06,0.05
14809,-0.38,0.24,9.33,0.22,0.04,0.04
14849,-0.34,0.12,9.30,0.16,0.02,0.03
14888,-0.30,0.08,9.25,0.08,-0.01,0.02
14928,-0.22,0.08,9.12,-0.05,-0.05,-0.00
14971,-0.23,0.01,9.22,-0.18,-0.10,-0.01
15014,-0.14,-0.15,9.52,-0.31,-0.14,-0.03
15057,-0.05,-0.31,9.67,-0.40,-0.17,-0.03
15101,0.05,-0.66,9.90,-0.48,-0.20,-0.03
15143,0.15,-1.32,10.30,-0.57,-0.23,-0.03
15187,0.09,-1.35,10.61,-0.76,-0.30,-0.04
15232,-0.30,-0.38,11.07,-0.82,-0.30,-0.01
15276,-0.39,0.18,11.38,-0.88,-0.33,-0.00
15320,-0.50,0.37,11.63,-0.94,-0.35,-0.00
15364,-0.51,0.23,11.89,-0.97,-0.36,-0.01
15407,-0.49,0.24,11.96,-1.02,-0.37,-0.03
15451,-0.53,0.40,12.15,-1.09,-0.40,-0.05
15495,-0.56,0.27,12.37,-1.12,-0.41,-0.07
15538,-0.51,0.33,12.28,-1.05,-0.38,-0.08
15582,-0.48,0.38,12.08,-1.01,-0.37,-0.08
15626,-0.53,0.25,12.04,-1.00,-0.37,-0.08
15669,-0.51,0.30,11.95,-1.01,-0.37,-0.07
15713,-0.41,0.32,11.68,-0.99,-0.36,-0.05
15757,-0.42,0.19,11.21,-0.92,-0.35,-0.03
15800,-0.40,0.22,10.74,-0.82,-0.31,-0.01
15844,-0.33,0.17,10.55,-0.72,-0.27,0.00
15887,-0.36,0.10,10.30,-0.65,-0.25,0.01
15929,-0.36,0.15,10.03,-0.60,-0.23,0.01
15972,-0.27,0.14,9.70,-0.54,-0.21,0.00
16014,-0.28,0.03,9.39,-0.44,-0.18,-0.01
16056,-0.28,0.09,9.15,-0.31,-0.13,-0.01
16099,-0.20,0.12,8.91,-0.18,-0.09,-0.01
16141,-0.23,0.00,9.03,-0.06,-0.05,-0.01
16184,-0.23,0.07,8.99,0.03,-0.02,-0.01
16226,-0.22,0.11,8.95,0.10,-0.00,-0.00
16267,-0.26,0.07,9.14,0.17,0.03,0.01
16307,-0.23,0.09,9.12,0.28,0.07,0.03
16347,-0.23,0.15,9.27,0.40,0.10,0.05
16386,-0.29,0.17,9.56,0.52,0.14,0.07
16425,-0.31,0.13,9.95,0.61,0.18,0.08
16464,-0.29,0.12,10.22,0.68,0.19,0.10
16505,-0.33,0.16,10.44,0.72,0.21,0.10
16546,-0.38,0.13,10.88,0.77,0.23,0.10
16586,-0.37,0.17,11.04,0.84,0.25,0.09
16627,-0.43,0.21,11.30,0.93,0.28,0.09
16667,-0.44,0.21,11.66,1.00,0.31,0.08
16708,-0.42,0.15,11.89,1.04,0.32,0.06
16749,-0.47,0.25,12.02,1.03,0.32,0.06
16789,-0.47,0.25,12.21,1.02,0.31,0.06
16830,-0.47,0.25,12.18,1.03,0.32,0.06
16870,-0.51,0.33,12.15,1.06,0.33,0.08
16911,-0.48,0.31,12.21,1.08,0.34,0.09
16952,-0.47,0.27,12.06,1.06,0.33,0.11
16992,-0.51,0.31,11.84,1.01,0.32,0.11
17033,-0.45,0.32,11.70,0.93,0.29,0.11
17073,-0.42,0.25,11.39,0.88,0.27,0.11
17114,-0.46,0.27,11.10,0.85,0.26,0.10
17155,-0.45,0.27,10.84,0.82,0.25,0.09
17195,-0.44,0.24,10.60,0.76,0.23,0.07
17235,-0.38,0.26,10.19,0.67,0.20,0.05
17276,-0.38,0.26,9.85,0.56,0.16,0.04
17315,-0.38,0.23,9.71,0.45,0.12,0.03
17355,-0.36,0.23,9.52,0.37,0.09,0.02
17394,-0.35,0.22,9.30,0.30,0.07,0.02
17434,-0.34,0.27,9.22,0.22,0.05,0.02
17473,-0.31,0.20,9.17,0.13,0.01,0.02
17513,-0.27,0.17,9.03,0.02,-0.02,0.02
17554,-0.18,0.01,8.98,-0.11,-0.06,0.02
17595,-0.11,-0.25,9.25,-0.25,-0.11,0.02
17638,0.08,-0.62,9.51,-0.38,-0.15,0.01
17680,0.15,-0.96,9.64,-0.47,-0.19,-0.00
17722,0.24,-1.41,10.00,-0.58,-0.22,-0.02
17766,0.12,-1.37,10.49,-0.69,-0.26,-0.02
17810,-0.19,-0.82,10.88,-0.81,-0.29,-0.03
17854,-0.43,-0.06,11.42,-0.92,-0.34,-0.04
17899,-0.60,0.33,11.70,-0.98,-0.36,-0.05
17943,-0.58,0.37,11.87,-1.04,-0.38,-0.05
17986,-0.59,0.23,12.15,-1.08,-0.40,-0.06
18030,-0.68,0.41,12.64,-1.12,-0.41,-0.06
18074,-0.61,0.37,12.70,-1.17,-0.42,-0.06
18117,-0.56,0.14,12.40,-1.15,-0.43,-0.06
18161,-0.62,0.30,12.38,-1.12,-0.41,-0.06
18204,-0.60,0.27,12.62,-1.11,-0.40,-0.06
18248,-0.53,0.24,12.31,-1.09,-0.41,-0.05
18292,-0.56,0.28,11.80,-1.06,-0.40,-0.05
18335,-0.53,0.16,11.65,-1.01,-0.37,-0.05
18379,-0.44,0.22,11.30,-0.94,-0.35,-0.04
18423,-0.41,0.24,10.85,-0.85,-0.32,-0.04
18466,-0.42,0.09,10.54,-0.76,-0.29,-0.03
18510,-0.35,0.13,10.26,-0.68,-0.27,-0.03
18554,-0.28,0.16,9.72,-0.61,-0.24,-0.02
18596,-0.31,0.06,9.51,-0.51,-0.21,-0.01
18639,-0.23,0.07,9.15,-0.39,-0.17,-0.01
18682,-0.21,0.13,8.85,-0.26,-0.13,0.00
18723,-0.25,0.05,8.93,-0.16,-0.09,0.01
18765,-0.18,0.04,8.80,-0.05,-0.06,0.02
18807,-0.18,0.11,8.82,0.05,-0.02,0.03
18847,-0.22,0.14,8.88,0.15,0.01,0.03
18887,-0.17,0.07,8.97,0.25,0.04,0.04
18926,-0.20,0.05,9.08,0.36,0.08,0.05
18966,-0.18,0.11,9.25,0.48,0.13,0.06
19006,-0.24,0.11,9.73,0.57,0.16,0.06
19045,-0.24,0.11,9.99,0.65,0.18,0.06
19085,-0.24,0.17,10.26,0.73,0.21,0.07
19125,-0.28,0.17,10.70,0.80,0.24,0.07
19166,-0.30,0.14,10.98,0.87,0.26,0.07
19207,-0.28,0.21,11.29,0.94,0.28,0.08
19247,-0.35,0.25,11.61,1.01,0.31,0.08
19288,-0.36,0.19,11.95,1.07,0.34,0.08
19328,-0.39,0.29,12.30,1.09,0.34,0.09
19368,-0.44,0.29,12.39,1.10,0.35,0.09
19409,-0.41,0.24,12.47,1.12,0.36,0.10
19449,-0.47,0.32,12.52,1.14,0.36,0.10
19490,-0.45,0.32,12.53,1.14,0.37,0.10
19530,-0.45,0.25,12.40,1.13,0.37,0.10
19571,-0.49,0.31,12.31,1.11,0.36,0.09
19612,-0.48,0.33,12.07,1.05,0.34,0.09
19652,-0.46,0.26,11.82,1.00,0.32,0.08
19693,-0.46,0.28,11.54,0.96,0.31,0.08
19733,-0.44,0.31,11.23,0.91,0.29,0.08
19774,-0.46,0.23,10.91,0.84,0.27,0.07
19815,-0.45,0.26,10.52,0.77,0.24,0.07
19855,-0.43,0.27,10.09,0.67,0.21,0.07
19896,-0.42,0.21,9.90,0.57,0.18,0.06
19935,-0.39,0.22,9.57,0.48,0.14,0.06
19975,-0.40,0.25,9.29,0.40,0.12,0.05
20015,-0.40,0.21,9.17,0.30,0.08,0.05
20054,-0.37,0.19,9.02,0.21,0.05,0.04
20093,-0.36,0.20,8.91,0.10,0.01,0.03
20132,-0.36,0.21,8.81,-0.02,-0.03,0.02
20174,-0.39,0.14,8.93,-0.14,-0.07,0.01
20216,-0.34,-0.02,9.07,-0.26,-0.12,0.00
20258,-0.24,-0.41,9.30,-0.38,-0.16,-0.01
20302,-0.10,-0.83,9.62,-0.49,-0.20,-0.02
20346,-0.04,-1.25,10.03,-0.63,-0.25,-0.02
20390,0.09,-1.57,10.54,-0.79,-0.31,-0.04
20434,-0.14,-0.83,11.00,-0.88,-0.34,-0.04
20480,-0.41,0.05,11.39,-0.94,-0.35,-0.06
20523,-0.56,0.40,11.86,-1.01,-0.39,-0.06
20567,-0.57,0.29,12.20,-1.09,-0.42,-0.06
20611,-0.53,0.23,12.28,-1.16,-0.43,-0.06
20654,-0.60,0.48,12.70,-1.21,-0.45,-0.06
20698,-0.59,0.36,13.12,-1.25,-0.46,-0.05
20742,-0.49,0.35,12.90,-1.19,-0.45,-0.05
20785,-0.52,0.40,12.61,-1.16,-0.44,-0.04
20829,-0.56,0.31,12.68,-1.17,-0.43,-0.04
20873,-0.47,0.39,12.70,-1.19,-0.44,-0.05
20916,-0.40,0.37,12.31,-1.16,-0.44,-0.06
20960,-0.40,0.17,11.68,-1.06,-0.40,-0.05
21004,-0.37,0.28,11.44,-0.96,-0.35,-0.05
21047,-0.29,0.26,11.17,-0.88,-0.33,-0.05
21091,-0.27,0.15,10.64,-0.82,-0.32,-0.04
21134,-0.28,0.21,10.22,-0.76,-0.29,-0.03
21178,-0.21,0.18,9.73,-0.68,-0.26,-0.02
21221,-0.17,0.07,9.27,-0.53,-0.21,-0.01
21263,-0.17,0.13,9.11,-0.40,-0.16,0.00
21305,-0.16,0.13,8.91,-0.27,-0.12,0.01
21347,-0.18,0.03,8.77,-0.17,-0.09,0.02
21388,-0.14,0.04,8.75,-0.09,-0.06,0.03
21430,-0.12,0.11,8.65,0.02,-0.02,0.03
21471,-0.18,0.03,8.62,0.11,0.01,0.03
21510,-0.13,0.02,8.59,0.24,0.06,0.04
21550,-0.15,0.09,8.90,0.39,0.11,0.04
21588,-0.23,0.15,9.32,0.51,0.15,0.05
21628,-0.26,0.11,9.63,0.60,0.18,0.05
21668,-0.25,0.11,9.92,0.66,0.20,0.05
21707,-0.30,0.13,10.27,0.73,0.23,0.06
21748,-0.34,0.16,10.67,0.81,0.26,0.07
21788,-0.36,0.17,10.88,0.91,0.28,0.08
21829,-0.39,0.18,11.35,1.00,0.32,0.09
21870,-0.44,0.19,11.90,1.06,0.34,0.09
21910,-0.46,0.19,12.14,1.13,0.36,0.10
21951,-0.54,0.24,12.41,1.12,0.36,0.11
21991,-0.50,0.20,12.66,1.13,0.36,0.11
22032,-0.54,0.20,12.65,1.18,0.38,0.11
22073,-0.62,0.29,12.78,1.23,0.39,0.11
22113,-0.59,0.26,12.96,1.23,0.40,0.10
22154,-0.61,0.21,12.76,1.21,0.39,0.10
22194,-0.62,0.28,12.52,1.15,0.36,0.09
22235,-0.60,0.25,12.41,1.09,0.35,0.09
22276,-0.57,0.22,12.07,1.07,0.34,0.09
22316,-0.54,0.29,11.71,1.05,0.33,0.09
22356,-0.56,0.23,11.50,1.00,0.32,0.09
22396,-0.53,0.23,10.99,0.92,0.28,0.09
22437,-0.50,0.28,10.52,0.80,0.24,0.09
22478,-0.45,0.23,10.22,0.70,0.21,0.08
22518,-0.45,0.19,9.94,0.61,0.18,0.08
22558,-0.42,0.24,9.55,0.54,0.15,0.07
22597,-0.38,0.12,9.26,0.46,0.12,0.06
22637,-0.31,0.09,9.07,0.36,0.09,0.05
22677,-0.24,0.08,8.86,0.24,0.04,0.03
22716,-0.28,0.16,8.68,0.11,-0.00,0.02
22757,-0.28,0.10,8.73,-0.03,-0.05,0.01
22798,-0.25,-0.06,8.88,-0.16,-0.09,-0.00
22842,-0.13,-0.19,9.01,-0.27,-0.13,-0.01
22886,-0.02,-0.51,9.17,-0.39,-0.17,-0.02
22929,0.06,-1.06,9.62,-0.52,-0.21,-0.03
22972,0.17,-1.48,10.07,-0.69,-0.28,-0.03
23016,0.24,-1.58,10.64,-0.85,-0.33,-0.03
23059,-0.07,-1.07,11.19,-0.97,-0.36,-0.03
23104,-0.41,-0.00,11.65,-1.02,-0.38,-0.03
23149,-0.57,0.42,12.34,-1.06,-0.39,-0.03
23192,-0.52,0.29,12.81,-1.14,-0.42,-0.05
23236,-0.51,0.32,12.77,-1.23,-0.45,-0.06
23280,-0.61,0.42,13.11,-1.33,-0.49,-0.07
23323,-0.50,0.13,13.34,-1.35,-0.49,-0.08
23367,-0.47,0.32,13.29,-1.27,-0.47,-0.08
23411,-0.43,0.35,13.32,-1.21,-0.44,-0.07
23454,-0.52,0.21,12.85,-1.22,-0.45,-0.07
23498,-0.51,0.40,12.86,-1.28,-0.46,-0.07
23542,-0.40,0.30,12.81,-1.27,-0.46,-0.06
23585,-0.36,0.19,11.82,-1.13,-0.42,-0.04
23629,-0.39,0.27,11.28,-0.99,-0.37,-0.03
23673,-0.35,0.11,11.26,-0.91,-0.33,-0.03
23716,-0.29,0.13,10.73,-0.86,-0.32,-0.02
23760,-0.29,0.16,10.19,-0.82,-0.31,-0.03
23804,-0.30,0.05,9.76,-0.74,-0.28,-0.03
23846,-0.21,0.03,8.98,-0.57,-0.21,-0.02
23889,-0.18,0.09,8.66,-0.40,-0.16,-0.01
23932,-0.23,0.06,8.82,-0.25,-0.10,-0.01
23974,-0.19,0.02,8.60,-0.14,-0.07,-0.00
24017,-0.17,0.05,8.48,-0.06,-0.05,0.00
24058,-0.22,0.06,8.55,0.03,-0.01,0.01
24099,-0.21,0.03,8.53,0.13,0.02,0.03
24139,-0.20,0.01,8.48,0.27,0.06,0.04
24178,-0.17,0.04,8.61,0.44,0.12,0.06
24218,-0.28,0.06,9.21,0.58,0.17,0.07
24257,-0.30,0.06,9.70,0.69,0.21,0.08
24297,-0.30,0.10,10.03,0.74,0.22,0.09
24338,-0.39,0.13,10.46,0.78,0.24,0.09
24378,-0.39,0.09,10.84,0.86,0.26,0.09
24419,-0.39,0.15,11.08,0.97,0.29,0.09
24459,-0.48,0.17,11.52,1.08,0.34,0.09
24500,-0.45,0.10,12.27,1.19,0.38,0.09
24541,-0.52,0.23,12.53,1.24,0.39,0.09
24581,-0.61,0.25,12.84,1.20,0.38,0.09
24622,-0.55,0.19,13.09,1.17,0.37,0.09
24662,-0.56,0.22,13.07,1.26,0.40,0.10
24702,-0.61,0.29,13.10,1.31,0.42,0.11
24743,-0.58,0.27,13.41,1.34,0.43,0.12
24783,-0.62,0.28,13.10,1.30,0.41,0.12
24824,-0.58,0.28,12.84,1.21,0.38,0.12
24865,-0.53,0.24,12.65,1.14,0.36,0.11
24905,-0.56,0.24,12.32,1.12,0.35,0.11
24946,-0.54,0.27,11.91,1.11,0.35,0.10
24986,-0.47,0.22,11.61,1.08,0.34,0.09
25027,-0.47,0.24,11.05,0.99,0.30,0.08
25068,-0.42,0.28,10.48,0.84,0.25,0.07
25108,-0.41,0.22,10.17,0.71,0.21,0.06
25149,-0.39,0.18,9.82,0.63,0.18,0.05
25188,-0.37,0.19,9.46,0.56,0.16,0.05
25228,-0.31,0.19,9.17,0.47,0.12,0.05
25268,-0.29,0.11,8.93,0.38,0.09,0.05
25307,-0.30,0.23,8.67,0.28,0.06,0.04
25347,-0.29,0.27,8.40,0.11,0.01,0.03
25385,-0.28,0.17,8.50,-0.05,-0.05,0.03
25427,-0.25,0.08,8.70,-0.19,-0.10,0.02
25469,-0.25,-0.06,8.86,-0.30,-0.14,0.02
25511,-0.22,-0.27,9.02,-0.42,-0.18,0.01
25554,-0.07,-0.69,9.38,-0.51,-0.22,-0.00
25598,0.06,-1.09,9.94,-0.66,-0.27,-0.02
25640,0.04,-1.45,10.43,-0.84,-0.33,-0.03
25684,-0.05,-1.15,11.11,-1.00,-0.40,-0.05
25730,-0.11,-0.23,11.84,-1.09,-0.42,-0.07
25774,-0.40,0.46,12.38,-1.10,-0.41,-0.08
25818,-0.34,0.52,13.07,-1.16,-0.44,-0.08
25862,-0.30,0.19,12.67,-1.24,-0.48,-0.08
25905,-0.41,0.50,13.27,-1.38,-0.50,-0.07
25949,-0.32,0.34,14.13,-1.52,-0.55,-0.06
25992,-0.26,0.32,13.31,-1.40,-0.52,-0.04
26036,-0.36,0.30,13.29,-1.29,-0.47,-0.02
26080,-0.41,0.23,13.59,-1.27,-0.43,-0.01
26123,-0.34,0.42,13.51,-1.32,-0.46,-0.03
26167,-0.33,0.35,13.09,-1.37,-0.49,-0.05
26211,-0.37,0.13,12.03,-1.26,-0.44,-0.06
26254,-0.34,0.28,11.62,-1.10,-0.37,-0.07
26298,-0.25,0.26,11.77,-0.98,-0.33,-0.07
26342,-0.30,0.10,10.91,-0.90,-0.32,-0.07
26385,-0.35,0.24,10.32,-0.88,-0.30,-0.07
26429,-0.25,0.14,10.07,-0.83,-0.28,-0.05
26473,-0.24,0.02,9.19,-0.66,-0.23,-0.03
26515,-0.23,0.07,8.53,-0.49,-0.17,-0.01
26558,-0.18,0.07,8.50,-0.32,-0.12,0.01
26600,-0.30,-0.02,8.57,-0.18,-0.07,0.03
26642,-0.29,0.00,8.39,-0.10,-0.04,0.04
26684,-0.24,0.07,8.29,-0.01,-0.02,0.05
26725,-0.31,-0.02,8.54,0.08,0.02,0.05
26766,-0.32,-0.06,8.28,0.21,0.06,0.05
26807,-0.24,-0.01,8.29,0.39,0.11,0.05
26847,-0.36,-0.06,8.78,0.56,0.18,0.06
26888,-0.45,-0.03,9.50,0.71,0.23,0.06
26929,-0.44,0.05,10.01,0.79,0.24,0.06
26969,-0.51,0.06,10.30,0.82,0.25,0.05
27010,-0.58,0.00,10.77,0.88,0.27,0.06
27049,-0.57,0.07,11.20,0.98,0.31,0.07
27090,-0.61,0.16,11.54,1.11,0.35,0.09
27131,-0.66,0.05,12.19,1.20,0.37,0.11
27171,-0.69,0.13,12.74,1.32,0.41,0.13
27212,-0.79,0.23,13.03,1.29,0.40,0.14
27252,-0.76,0.26,13.42,1.24,0.38,0.15
27293,-0.63,0.07,13.39,1.29,0.39,0.15
27334,-0.77,0.14,13.31,1.37,0.41,0.14
27374,-0.68,0.17,13.78,1.43,0.44,0.14
27415,-0.70,0.18,13.59,1.41,0.43,0.12
27455,-0.69,0.21,13.07,1.32,0.39,0.10
27496,-0.56,0.20,13.07,1.21,0.36,0.08
27537,-0.60,0.25,12.78,1.19,0.35,0.08
27577,-0.53,0.30,12.17,1.18,0.35,0.08
27618,-0.43,0.26,11.85,1.17,0.34,0.08
27658,-0.46,0.29,11.38,1.09,0.31,0.09
27699,-0.40,0.31,10.74,0.94,0.27,0.09
27740,-0.31,0.27,10.21,0.79,0.22,0.09
27780,-0.28,0.24,9.91,0.67,0.18,0.09
27820,-0.25,0.29,9.57,0.62,0.16,0.09
27859,-0.21,0.33,9.12,0.54,0.14,0.08
27898,-0.19,0.23,8.93,0.46,0.11,0.07
27938,-0.19,0.25,8.64,0.36,0.08,0.05
27977,-0.16,0.28,8.26,0.19,0.03,0.03
28017,-0.11,0.26,8.17,0.01,-0.05,0.02
28058,-0.12,0.26,8.47,-0.14,-0.10,0.00
28099,-0.17,0.31,8.67,-0.26,-0.13,-0.01
28142,-0.14,0.35,8.78,-0.35,-0.16,-0.03
28184,-0.12,0.32,9.13,-0.44,-0.19,-0.03
28227,-0.13,0.34,9.43,-0.53,-0.22,-0.03
28270,-0.15,0.40,9.73,-0.69,-0.27,-0.03
28312,-0.19,0.41,10.21,-0.87,-0.32,-0.04
28356,-0.22,0.39,10.92,-1.00,-0.36,-0.03
28400,-0.23,0.45,11.38,-1.05,-0.38,-0.02
28443,-0.30,0.44,11.88,-1.12,-0.40,-0.02
28487,-0.30,0.35,12.37,-1.13,-0.39,-0.02
28531,-0.34,0.39,12.63,-1.21,-0.41,-0.03
28574,-0.42,0.40,13.10,-1.33,-0.46,-0.04
28618,-0.40,0.37,13.48,-1.38,-0.48,-0.07
28662,-0.45,0.40,13.34,-1.35,-0.46,-0.08
28705,-0.48,0.36,13.51,-1.30,-0.43,-0.08
28749,-0.48,0.32,13.45,-1.29,-0.43,-0.09
28793,-0.55,0.31,13.21,-1.33,-0.45,-0.09
28836,-0.53,0.26,13.12,-1.34,-0.45,-0.08
28880,-0.55,0.24,12.53,-1.26,-0.42,-0.06
28924,-0.54,0.22,11.95,-1.15,-0.39,-0.05
28967,-0.55,0.10,11.65,-1.03,-0.35,-0.04
29011,-0.54,0.12,11.18,-0.97,-0.32,-0.03
29054,-0.48,0.11,10.71,-0.94,-0.32,-0.03
29099,-0.49,0.00,10.25,-0.86,-0.30,-0.03
29143,-0.46,-0.00,9.45,-0.70,-0.24,-0.03
29186,-0.42,-0.03,8.99,-0.55,-0.20,-0.03
29230,-0.43,-0.06,8.82,-0.40,-0.15,-0.02
29274,-0.40,-0.06,8.68,-0.26,-0.11,-0.02
29317,-0.40,-0.03,8.42,-0.15,-0.07,-0.02
29361,-0.39,-0.03,8.40,-0.08,-0.05,-0.01
29405,-0.41,-0.04,8.29,0.05,-0.01,0.01
29446,-0.37,-0.02,8.27,0.20,0.04,0.03
29487,-0.39,-0.04,8.43,0.36,0.08,0.05
29528,-0.41,-0.01,8.84,0.51,0.13,0.07
29568,-0.48,-0.00,9.35,0.63,0.17,0.09
29608,-0.49,0.02,9.69,0.70,0.20,0.10
29647,-0.52,0.02,10.12,0.76,0.21,0.10
29688,-0.54,0.03,10.58,0.85,0.23,0.11
29729,-0.56,0.06,10.86,0.96,0.27,0.11
29769,-0.56,0.07,11.32,1.08,0.31,0.11
29810,-0.57,0.06,12.06,1.17,0.34,0.10
29850,-0.59,0.15,12.46,1.24,0.36,0.10
29891,-0.61,0.14,12.78,1.23,0.35,0.09
29932,-0.56,0.19,13.10,1.24,0.35,0.08
29972,-0.53,0.23,13.19,1.29,0.37,0.09
30013,-0.53,0.26,13.30,1.36,0.40,0.10
30053,-0.50,0.28,13.51,1.39,0.41,0.11
30094,-0.48,0.30,13.40,1.36,0.40,0.12
30135,-0.40,0.32,13.18,1.29,0.38,0.12
30175,-0.40,0.33,13.05,1.23,0.36,0.12
30216,-0.37,0.32,12.67,1.20,0.35,0.12
30257,-0.34,0.32,12.29,1.20,0.36,0.11
30297,-0.29,0.34,12.02,1.16,0.35,0.10
30338,-0.27,0.32,11.44,1.07,0.32,0.08
30377,-0.22,0.32,10.86,0.94,0.27,0.06
30418,-0.20,0.30,10.48,0.82,0.23,0.05
30459,-0.17,0.30,10.11,0.73,0.21,0.04
30499,-0.16,0.34,9.63,0.66,0.19,0.04
30539,-0.11,0.31,9.35,0.58,0.16,0.04
30578,-0.11,0.33,9.03,0.48,0.13,0.04
30618,-0.12,0.32,8.66,0.36,0.10,0.04
30658,-0.10,0.32,8.43,0.19,0.04,0.04
30697,-0.11,0.33,8.41,0.04,-0.01,0.03
30738,-0.10,0.32,8.53,-0.09,-0.05,0.03
30779,-0.13,0.32,8.67,-0.20,-0.09,0.03
30821,-0.14,0.28,8.76,-0.29,-0.12,0.02
30863,-0.17,0.29,8.99,-0.39,-0.14,0.01
30904,-0.20,0.29,9.25,-0.51,-0.18,-0.01
30947,-0.24,0.33,9.61,-0.66,-0.24,-0.02
30990,-0.26,0.32,10.06,-0.80,-0.28,-0.04
31033,-0.32,0.33,10.71,-0.91,-0.32,-0.05
31077,-0.35,0.36,11.10,-0.98,-0.34,-0.06
31121,-0.42,0.39,11.58,-1.05,-0.37,-0.07
31164,-0.46,0.35,12.05,-1.10,-0.38,-0.06
31208,-0.56,0.37,12.44,-1.19,-0.41,-0.06
31251,-0.56,0.34,12.91,-1.28,-0.44,-0.06
31295,-0.60,0.31,13.14,-1.32,-0.45,-0.06
31339,-0.64,0.31,13.22,-1.30,-0.45,-0.05
31382,-0.70,0.28,13.34,-1.28,-0.44,-0.05
31426,-0.74,0.24,13.33,-1.29,-0.44,-0.06
31470,-0.70,0.25,13.17,-1.31,-0.45,-0.07
31513,-0.71,0.19,12.98,-1.30,-0.45,-0.08
31557,-0.71,0.17,12.56,-1.24,-0.43,-0.09
31601,-0.67,0.15,12.11,-1.13,-0.40,-0.08
31644,-0.61,0.11,11.80,-1.05,-0.38,-0.08
31688,-0.62,0.11,11.35,-1.00,-0.36,-0.07
31732,-0.54,0.10,10.84,-0.95,-0.35,-0.06
31775,-0.52,0.04,10.26,-0.85,-0.32,-0.04
31819,-0.47,0.01,9.68,-0.71,-0.27,-0.02
31862,-0.41,0.02,9.26,-0.58,-0.23,-0.01
31904,-0.36,-0.03,8.99,-0.43,-0.19,0.00
31947,-0.39,-0.00,8.82,-0.33,-0.15,0.01
31990,-0.34,-0.00,8.58,-0.22,-0.12,0.02
32032,-0.30,-0.02,8.44,-0.13,-0.09,0.02
32075,-0.33,-0.05,8.34,0.01,-0.05,0.02
32116,-0.26,-0.01,8.27,0.15,0.00,0.03
32157,-0.27,-0.03,8.47,0.29,0.05,0.03
32198,-0.29,0.00,8.83,0.43,0.10,0.04
32237,-0.30,0.03,9.13,0.54,0.13,0.05
32277,-0.32,0.06,9.49,0.62,0.16,0.05
32316,-0.31,0.07,9.90,0.69,0.18,0.06
32356,-0.29,0.08,10.22,0.78,0.21,0.07
32397,-0.30,0.13,10.54,0.90,0.25,0.08
32437,-0.33,0.17,11.13,1.01,0.29,0.09
32478,-0.36,0.17,11.66,1.10,0.32,0.10
32519,-0.35,0.19,12.13,1.14,0.33,0.11
32559,-0.35,0.22,12.46,1.18,0.35,0.11
32600,-0.35,0.24,12.83,1.20,0.36,0.11
32640,-0.36,0.27,12.95,1.25,0.38,0.10
32680,-0.37,0.27,13.15,1.31,0.40,0.10
32721,-0.36,0.30,13.34,1.35,0.42,0.09
32761,-0.35,0.35,13.32,1.32,0.41,0.09
32802,-0.38,0.34,13.20,1.27,0.40,0.08
32842,-0.32,0.34,13.03,1.23,0.39,0.08
32883,-0.34,0.35,12.73,1.21,0.39,0.08
32924,-0.33,0.32,12.45,1.20,0.38,0.09
32964,-0.31,0.34,12.11,1.15,0.37,0.09
33005,-0.31,0.33,11.62,1.07,0.35,0.09
33045,-0.30,0.30,11.18,0.96,0.31,0.09
33086,-0.28,0.29,10.77,0.85,0.28,0.09
33127,-0.29,0.28,10.35,0.78,0.25,0.08
33167,-0.29,0.28,9.93,0.70,0.23,0.07
33207,-0.29,0.27,9.60,0.62,0.20,0.07
33246,-0.25,0.24,9.22,0.52,0.17,0.05
33286,-0.26,0.25,8.84,0.39,0.13,0.04
33326,-0.27,0.22,8.64,0.25,0.07,0.03
33364,-0.30,0.23,8.60,0.12,0.03,0.02
33404,-0.30,0.23,8.56,-0.00,-0.01,0.01
33445,-0.31,0.25,8.60,-0.11,-0.05,0.00
33487,-0.33,0.23,8.66,-0.21,-0.09,-0.00
33530,-0.35,0.23,8.85,-0.32,-0.13,-0.01
33572,-0.38,0.24,9.07,-0.45,-0.17,-0.01
33615,-0.41,0.25,9.42,-0.59,-0.22,-0.02
33658,-0.47,0.26,9.93,-0.72,-0.26,-0.02
33700,-0.52,0.29,10.37,-0.82,-0.30,-0.03
33744,-0.55,0.27,10.79,-0.90,-0.33,-0.03
33788,-0.60,0.28,11.27,-0.96,-0.35,-0.04
33831,-0.65,0.27,11.71,-1.04,-0.38,-0.05
33875,-0.68,0.29,12.11,-1.16,-0.42,-0.06
33920,-0.69,0.30,12.56,-1.22,-0.45,-0.07
33963,-0.72,0.28,12.88,-1.25,-0.46,-0.08
34007,-0.73,0.28,13.05,-1.25,-0.46,-0.08
34051,-0.73,0.27,13.17,-1.25,-0.46,-0.08
34094,-0.70,0.26,13.19,-1.26,-0.47,-0.08
34138,-0.69,0.28,13.15,-1.29,-0.48,-0.07
34182,-0.65,0.25,13.04,-1.28,-0.48,-0.07
34225,-0.61,0.23,12.65,-1.22,-0.46,-0.06
34269,-0.56,0.20,12.31,-1.14,-0.43,-0.05
34312,-0.52,0.18,11.98,-1.08,-0.41,-0.04
34356,-0.46,0.16,11.55,-1.03,-0.39,-0.04
34400,-0.39,0.15,11.04,-0.97,-0.37,-0.04
34443,-0.35,0.12,10.53,-0.87,-0.34,-0.04
34487,-0.32,0.09,9.96,-0.75,-0.30,-0.03
34530,-0.23,0.07,9.55,-0.62,-0.25,-0.03
34572,-0.21,0.09,9.26,-0.50,-0.21,-0.02
34615,-0.20,0.07,9.00,-0.40,-0.18,-0.01
34658,-0.16,0.04,8.73,-0.30,-0.15,-0.01
34700,-0.13,0.08,8.56,-0.19,-0.11,0.01
34742,-0.09,0.05,8.38,-0.06,-0.06,0.02
34784,-0.07,0.06,8.37,0.09,-0.01,0.03
34824,-0.10,0.07,8.48,0.22,0.03,0.04
34864,-0.10,0.05,8.72,0.34,0.07,0.05
34903,-0.08,0.07,9.00,0.44,0.11,0.06
34942,-0.13,0.10,9.31,0.53,0.14,0.06
34982,-0.12,0.11,9.63,0.62,0.17,0.06
35021,-0.12,0.12,9.96,0.72,0.21,0.06
35061,-0.16,0.14,10.29,0.83,0.25,0.07
35101,-0.19,0.16,10.84,0.93,0.29,0.07
35142,-0.20,0.16,11.31,1.01,0.31,0.07
35183,-0.27,0.23,11.75,1.07,0.34,0.07
35223,-0.27,0.23,12.15,1.11,0.36,0.08
35264,-0.29,0.21,12.48,1.15,0.37,0.08
35304,-0.33,0.25,12.69,1.21,0.39,0.09
35345,-0.39,0.28,12.97,1.26,0.42,0.10
35386,-0.43,0.29,13.15,1.29,0.43,0.11
35426,-0.44,0.31,13.20,1.28,0.43,0.11
35467,-0.46,0.31,13.16,1.25,0.42,0.11
35507,-0.49,0.28,13.05,1.22,0.41,0.11
35548,-0.51,0.27,12.79,1.21,0.41,0.10
35589,-0.53,0.27,12.57,1.19,0.40,0.10
35629,-0.52,0.26,12.27,1.15,0.39,0.09
35670,-0.53,0.27,11.84,1.08,0.36,0.09
35709,-0.50,0.25,11.38,0.98,0.33,0.08
35750,-0.51,0.22,11.02,0.90,0.30,0.07
35791,-0.51,0.24,10.58,0.82,0.27,0.07
35831,-0.51,0.22,10.12,0.75,0.25,0.07
35872,-0.48,0.22,9.79,0.66,0.21,0.07
35912,-0.47,0.21,9.40,0.56,0.18,0.07
35951,-0.44,0.19,9.06,0.45,0.14,0.06
35991,-0.43,0.17,8.82,0.31,0.09,0.05
36030,-0.42,0.20,8.69,0.19,0.05,0.05
36070,-0.44,0.19,8.65,0.08,0.01,0.04
36109,-0.44,0.19,8.61,-0.02,-0.03,0.03
36151,-0.44,0.17,8.66,-0.13,-0.07,0.01
36193,-0.46,0.18,8.77,-0.24,-0.11,-0.00
36235,-0.46,0.19,8.95,-0.37,-0.16,-0.01
36278,-0.50,0.20,9.25,-0.50,-0.21,-0.03
36321,-0.51,0.22,9.63,-0.62,-0.25,-0.04
36363,-0.54,0.24,10.06,-0.73,-0.29,-0.05
36407,-0.57,0.27,10.49,-0.81,-0.32,-0.05
36451,-0.58,0.27,10.95,-0.89,-0.35,-0.05
36494,-0.60,0.27,11.40,-0.98,-0.39,-0.05
36538,-0.61,0.32,11.82,-1.08,-0.42,-0.05
36582,-0.62,0.30,12.26,-1.15,-0.44,-0.05
36625,-0.62,0.31,12.62,-1.19,-0.46,-0.05
36669,-0.59,0.30,12.81,-1.21,-0.46,-0.05
36713,-0.58,0.30,13.01,-1.22,-0.47,-0.05
36756,-0.51,0.31,13.12,-1.24,-0.47,-0.06
36800,-0.52,0.31,13.11,-1.26,-0.48,-0.07
36844,-0.46,0.31,13.00,-1.26,-0.48,-0.07
36887,-0.43,0.29,12.73,-1.21,-0.46,-0.07
36931,-0.36,0.28,12.46,-1.15,-0.44,-0.06
36974,-0.32,0.27,12.14,-1.10,-0.42,-0.05
37018,-0.32,0.24,11.72,-1.05,-0.40,-0.04
37062,-0.25,0.22,11.27,-0.99,-0.38,-0.03
37105,-0.21,0.21,10.78,-0.91,-0.35,-0.02
37149,-0.16,0.18,10.27,-0.80,-0.31,-0.01
37193,-0.12,0.15,9.84,-0.68,-0.26,-0.01
37235,-0.11,0.11,9.50,-0.57,-0.22,-0.00
37278,-0.11,0.10,9.21,-0.47,-0.19,-0.00
37321,-0.07,0.09,8.92,-0.36,-0.15,-0.00
37363,-0.06,0.03,8.66,-0.26,-0.11,-0.00
37406,-0.05,0.08,8.47,-0.12,-0.06,0.00
37448,-0.06,0.06,8.43,0.01,-0.02,0.01
37488,-0.06,0.06,8.54,0.14,0.03,0.02
37528,-0.09,0.09,8.70,0.26,0.07,0.03
37567,-0.10,0.10,8.88,0.35,0.10,0.03
37607,-0.14,0.10,9.15,0.45,0.13,0.04
37647,-0.16,0.11,9.41,0.54,0.17,0.05
37686,-0.18,0.11,9.72,0.65,0.21,0.07
37726,-0.24,0.12,10.07,0.76,0.24,0.08
37766,-0.27,0.12,10.53,0.86,0.28,0.09
37807,-0.35,0.15,11.04,0.95,0.31,0.09
37848,-0.38,0.15,11.45,1.01,0.33,0.09
37888,-0.44,0.16,11.86,1.04,0.34,0.09
37928,-0.45,0.19,12.17,1.11,0.36,0.09
37968,-0.49,0.17,12.47,1.16,0.39,0.09
38009,-0.55,0.20,12.74,1.22,0.40,0.09
38050,-0.59,0.19,12.95,1.25,0.41,0.09
38090,-0.61,0.22,13.03,1.25,0.41,0.10
38131,-0.63,0.24,13.03,1.23,0.41,0.10
38171,-0.66,0.20,13.00,1.22,0.40,0.10
38212,-0.66,0.23,12.82,1.21,0.40,0.11
38253,-0.66,0.22,12.64,1.19,0.39,0.11
38293,-0.67,0.22,12.34,1.16,0.38,0.12
38334,-0.65,0.23,12.01,1.09,0.35,0.11
38375,-0.61,0.21,11.59,1.01,0.32,0.10
38415,-0.60,0.18,11.20,0.94,0.29,0.10
38456,-0.57,0.19,10.78,0.87,0.27,0.09
38496,-0.54,0.19,10.37,0.79,0.24,0.08
38537,-0.52,0.20,10.01,0.71,0.21,0.07
38578,-0.47,0.15,9.61,0.61,0.17,0.06
38617,-0.45,0.18,9.26,0.49,0.13,0.05
38657,-0.42,0.22,9.01,0.38,0.09,0.04
38695,-0.40,0.20,8.85,0.26,0.05,0.03
38735,-0.39,0.21,8.72,0.16,0.01,0.03
38775,-0.38,0.24,8.65,0.06,-0.02,0.03
38815,-0.35,0.21,8.67,-0.06,-0.07,0.02
38857,-0.36,0.21,8.74,-0.17,-0.10,0.01
38898,-0.36,0.22,8.88,-0.30,-0.15,0.01
38940,-0.35,0.24,9.12,-0.43,-0.20,-0.00
38983,-0.37,0.25,9.49,-0.54,-0.23,-0.01
39025,-0.37,0.28,9.85,-0.65,-0.27,-0.02
39068,-0.37,0.31,10.25,-0.74,-0.30,-0.03
39112,-0.38,0.29,10.67,-0.82,-0.33,-0.03
39155,-0.39,0.31,11.07,-0.91,-0.36,-0.04
39199,-0.39,0.35,11.55,-1.01,-0.40,-0.05
39243,-0.39,0.38,12.01,-1.11,-0.43,-0.05
39286,-0.39,0.37,12.30,-1.14,-0.43,-0.05
39330,-0.39,0.35,12.61,-1.17,-0.44,-0.05
39374,-0.39,0.37,12.87,-1.19,-0.45,-0.05
39417,-0.37,0.37,12.93,-1.22,-0.45,-0.05
39461,-0.38,0.37,13.01,-1.25,-0.46,-0.05
39504,-0.35,0.35,12.96,-1.24,-0.45,-0.05
39548,-0.34,0.33,12.75,-1.21,-0.44,-0.05
39592,-0.31,0.30,12.55,-1.16,-0.42,-0.05
39635,-0.31,0.27,12.28,-1.12,-0.40,-0.05
39680,-0.28,0.27,11.91,-1.08,-0.38,-0.05
39724,-0.28,0.24,11.48,-1.02,-0.36,-0.05
39767,-0.23,0.18,11.02,-0.94,-0.33,-0.04
39811,-0.24,0.16,10.53,-0.84,-0.30,-0.04
39855,-0.24,0.13,10.11,-0.73,-0.26,-0.03
39898,-0.23,0.10,9.73,-0.63,-0.22,-0.02
39941,-0.23,0.10,9.35,-0.52,-0.19,-0.01
39984,-0.21,0.04,9.08,-0.43,-0.16,-0.01
40026,-0.19,0.05,8.82,-0.31,-0.12,0.00
40068,-0.21,0.03,8.62,-0.19,-0.08,0.01
40110,-0.22,0.04,8.50,-0.06,-0.03,0.02
40151,-0.23,0.04,8.53,0.06,0.01,0.03
40190,-0.25,0.02,8.66,0.17,0.05,0.03
40229,-0.29,0.03,8.81,0.28,0.08,0.04
40269,-0.30,0.00,9.02,0.38,0.11,0.04
40309,-0.33,0.04,9.27,0.48,0.15,0.05
40348,-0.35,0.02,9.52,0.58,0.18,0.06
40388,-0.39,0.03,9.87,0.69,0.22,0.07
40427,-0.41,0.06,10.27,0.79,0.25,0.07
40468,-0.46,0.07,10.73,0.88,0.27,0.08
40509,-0.54,0.11,11.12,0.94,0.29,0.09
40549,-0.55,0.10,11.52,1.00,0.31,0.09
40590,-0.57,0.10,11.86,1.06,0.33,0.10
40630,-0.62,0.16,12.21,1.12,0.35,0.11
40671,-0.63,0.14,12.48,1.18,0.37,0.11
40712,-0.68,0.15,12.74,1.22,0.38,0.11
40752,-0.68,0.17,12.89,1.23,0.38,0.11
40793,-0.68,0.19,12.93,1.22,0.37,0.11
40833,-0.66,0.19,12.90,1.22,0.37,0.11
40873,-0.65,0.22,12.84,1.21,0.37,0.10
40914,-0.62,0.22,12.68,1.20,0.36,0.10
40954,-0.59,0.22,12.42,1.17,0.35,0.10
40995,-0.57,0.24,12.10,1.11,0.33,0.09
41035,-0.53,0.24,11.76,1.04,0.31,0.09
41076,-0.49,0.23,11.39,0.97,0.28,0.09
41117,-0.45,0.26,11.04,0.90,0.26,0.08
41157,-0.40,0.25,10.62,0.83,0.24,0.08
41198,-0.37,0.25,10.23,0.75,0.21,0.08
41239,-0.33,0.27,9.84,0.65,0.18,0.07
41278,-0.29,0.25,9.49,0.55,0.14,0.06
41318,-0.25,0.25,9.23,0.43,0.10,0.05
41357,-0.25,0.25,9.00,0.33,0.07,0.05
41397,-0.22,0.25,8.81,0.22,0.03,0.03
41437,-0.18,0.25,8.76,0.13,-0.00,0.03
41477,-0.18,0.28,8.74,0.01,-0.04,0.02
41518,-0.18,0.27,8.75,-0.11,-0.08,0.01
41559,-0.18,0.26,8.84,-0.23,-0.12,0.00
41601,-0.20,0.30,9.08,-0.35,-0.16,-0.01
41644,-0.20,0.30,9.33,-0.47,-0.20,-0.01
41686,-0.18,0.34,9.64,-0.57,-0.23,-0.02
41729,-0.21,0.35,10.00,-0.67,-0.26,-0.02
41773,-0.23,0.35,10.42,-0.76,-0.29,-0.02
41816,-0.26,0.37,10.81,-0.86,-0.32,-0.02
41860,-0.29,0.38,11.24,-0.96,-0.35,-0.03
41904,-0.28,0.35,11.71,-1.05,-0.38,-0.03
41947,-0.33,0.40,12.05,-1.10,-0.40,-0.04
41991,-0.33,0.36,12.35,-1.13,-0.40,-0.04
42034,-0.37,0.37,12.63,-1.16,-0.41,-0.05
42078,-0.40,0.36,12.83,-1.20,-0.42,-0.06
42122,-0.39,0.34,12.90,-1.23,-0.43,-0.06
42165,-0.43,0.34,12.89,-1.23,-0.43,-0.06
42209,-0.45,0.31,12.75,-1.20,-0.41,-0.06
42253,-0.47,0.29,12.59,-1.17,-0.40,-0.06
42296,-0.45,0.24,12.33,-1.13,-0.39,-0.05
42340,-0.45,0.22,12.02,-1.09,-0.37,-0.05
42384,-0.47,0.19,11.66,-1.04,-0.36,-0.05
42427,-0.45,0.17,11.21,-0.97,-0.33,-0.04
42471,-0.44,0.11,10.76,-0.88,-0.30,-0.04
42515,-0.42,0.07,10.33,-0.77,-0.27,-0.03
42558,-0.41,0.08,9.95,-0.67,-0.24,-0.03
42601,-0.42,0.03,9.60,-0.58,-0.21,-0.02
42644,-0.39,0.03,9.24,-0.48,-0.18,-0.02
42686,-0.34,0.00,8.97,-0.36,-0.14,-0.01
42729,-0.37,-0.02,8.71,-0.25,-0.10,-0.01
42773,-0.34,-0.05,8.63,-0.11,-0.06,0.00
42815,-0.37,-0.01,8.62,0.01,-0.02,0.02
42857,-0.37,-0.01,8.66,0.13,0.02,0.03
42897,-0.38,0.00,8.77,0.23,0.05,0.04
42937,-0.41,0.00,8.94,0.33,0.08,0.05
42977,-0.40,-0.01,9.14,0.43,0.11,0.06
43017,-0.44,-0.01,9.44,0.55,0.15,0.07
43058,-0.46,0.00,9.75,0.65,0.18,0.08
43097,-0.48,0.04,10.17,0.75,0.21,0.09
43138,-0.54,0.04,10.59,0.84,0.24,0.09
43179,-0.53,0.08,10.98,0.91,0.26,0.09
43218,-0.55,0.11,11.35,0.97,0.28,0.09
43259,-0.57,0.10,11.71,1.03,0.30,0.09
43300,-0.55,0.16,12.01,1.09,0.31,0.09
43340,-0.56,0.15,12.33,1.16,0.34,0.09
43381,-0.54,0.19,12.61,1.19,0.35,0.10
43421,-0.55,0.23,12.74,1.20,0.35,0.10
43462,-0.53,0.25,12.83,1.20,0.35,0.10
43503,-0.49,0.26,12.85,1.20,0.35,0.10
43543,-0.48,0.27,12.77,1.20,0.35,0.11
43584,-0.45,0.30,12.62,1.19,0.35,0.11
43624,-0.42,0.30,12.43,1.15,0.34,0.10
43665,-0.38,0.29,12.18,1.10,0.33,0.10
43706,-0.36,0.29,11.82,1.04,0.31,0.09
43746,-0.32,0.30,11.52,0.98,0.29,0.08
43787,-0.31,0.29,11.11,0.92,0.27,0.07
43827,-0.25,0.29,10.69,0.85,0.25,0.07
43868,-0.22,0.29,10.34,0.76,0.22,0.06
43909,-0.22,0.31,9.96,0.67,0.19,0.05
43948,-0.17,0.29,9.62,0.56,0.16,0.05
43987,-0.17,0.31,9.36,0.46,0.12,0.05
44026,-0.14,0.28,9.12,0.36,0.09,0.04
44066,-0.15,0.29,8.94,0.25,0.06,0.04
44106,-0.14,0.26,8.84,0.15,0.02,0.04
44145,-0.14,0.28,8.75,0.04,-0.01,0.03
44186,-0.16,0.30,8.76,-0.08,-0.05,0.02
44227,-0.15,0.28,8.86,-0.20,-0.09,0.01
44269,-0.16,0.30,9.04,-0.32,-0.13,0.00
44311,-0.20,0.30,9.23,-0.43,-0.16,-0.01
44353,-0.22,0.28,9.57,-0.53,-0.20,-0.02
44396,-0.22,0.33,9.90,-0.63,-0.23,-0.02
44439,-0.26,0.33,10.28,-0.72,-0.26,-0.03
44482,-0.30,0.34,10.66,-0.82,-0.29,-0.04
44526,-0.35,0.34,11.08,-0.91,-0.32,-0.04
44570,-0.41,0.35,11.50,-0.99,-0.35,-0.05
44613,-0.44,0.33,11.87,-1.05,-0.37,-0.05
44657,-0.46,0.28,12.17,-1.10,-0.38,-0.05
44701,-0.51,0.32,12.44,-1.13,-0.39,-0.05
44744,-0.53,0.31,12.63,-1.17,-0.41,-0.05
44788,-0.58,0.29,12.74,-1.20,-0.41,-0.06
44832,-0.60,0.26,12.77,-1.20,-0.42,-0.06
44875,-0.62,0.23,12.68,-1.19,-0.41,-0.06
44919,-0.62,0.22,12.54,-1.16,-0.40,-0.07
44962,-0.61,0.19,12.37,-1.12,-0.39,-0.07
45006,-0.61,0.18,12.06,-1.09,-0.38,-0.07
45050,-0.58,0.17,11.73,-1.04,-0.37,-0.06
45093,-0.58,0.13,11.31,-0.97,-0.35,-0.06
45137,-0.53,0.10,10.87,-0.88,-0.32,-0.05
45181,-0.50,0.08,10.48,-0.79,-0.29,-0.04
45224,-0.48,0.03,10.08,-0.70,-0.26,-0.03
45268,-0.44,0.04,9.75,-0.60,-0.23,-0.02
45312,-0.40,0.01,9.34,-0.50,-0.20,-0.01
45353,-0.38,-0.01,9.08,-0.39,-0.17,-0.00
45398,-0.36,-0.01,8.84,-0.26,-0.12,0.00
45441,-0.34,-0.01,8.73,-0.14,-0.09,0.01
45483,-0.34,-0.01,8.67,-0.03,-0.05,0.02
45526,-0.30,-0.00,8.72,0.09,-0.01,0.02
45568,-0.32,0.01,8.75,0.20,0.02,0.03
45606,-0.31,-0.00,8.93,0.30,0.05,0.04
45647,-0.30,0.04,9.11,0.41,0.09,0.05
45686,-0.32,0.04,9.33,0.51,0.13,0.05
45726,-0.32,0.08,9.71,0.62,0.16,0.06
45766,-0.34,0.08,10.07,0.71,0.19,0.07
45806,-0.34,0.07,10.43,0.79,0.22,0.08
45847,-0.36,0.14,10.80,0.87,0.24,0.08
45887,-0.39,0.14,11.17,0.93,0.27,0.09
45928,-0.39,0.19,11.55,0.99,0.28,0.09
45969,-0.37,0.17,11.87,1.06,0.31,0.09
46009,-0.37,0.18,12.19,1.11,0.33,0.09
46050,-0.36,0.21,12.42,1.15,0.34,0.09
46090,-0.37,0.25,12.58,1.16,0.35,0.09
46131,-0.37,0.26,12.71,1.17,0.36,0.09
46172,-0.36,0.29,12.76,1.18,0.36,0.09
46212,-0.36,0.30,12.69,1.18,0.36,0.09
46253,-0.34,0.30,12.57,1.16,0.36,0.09
46292,-0.33,0.29,12.39,1.14,0.35,0.09
46333,-0.32,0.33,12.15,1.09,0.34,0.09
46374,-0.30,0.32,11.89,1.03,0.32,0.09
46414,-0.29,0.30,11.56,0.98,0.31,0.08
46455,-0.29,0.32,11.17,0.92,0.29,0.08
46496,-0.29,0.29,10.84,0.85,0.27,0.08
46536,-0.27,0.28,10.46,0.76,0.24,0.07
46577,-0.26,0.26,10.06,0.67,0.21,0.06
46617,-0.26,0.28,9.71,0.57,0.18,0.06
46657,-0.26,0.25,9.44,0.48,0.15,0.05
46697,-0.25,0.24,9.24,0.38,0.11,0.04
46736,-0.25,0.24,9.03,0.28,0.08,0.03
46776,-0.25,0.25,8.90,0.17,0.04,0.03
46815,-0.26,0.23,8.83,0.06,0.01,0.02
46855,-0.27,0.25,8.81,-0.05,-0.03,0.02
46897,-0.29,0.25,8.85,-0.17,-0.07,0.01
46938,-0.30,0.22,9.02,-0.28,-0.11,0.00
46980,-0.34,0.25,9.23,-0.39,-0.15,-0.01
47022,-0.37,0.24,9.49,-0.49,-0.18,-0.01
47065,-0.39,0.25,9.80,-0.59,-0.22,-0.02
47108,-0.44,0.25,10.16,-0.68,-0.25,-0.03
47151,-0.49,0.27,10.50,-0.78,-0.28,-0.03
47195,-0.52,0.27,10.92,-0.88,-0.32,-0.04
47239,-0.55,0.28,11.34,-0.95,-0.35,-0.05
47282,-0.59,0.27,11.69,-1.01,-0.37,-0.05
47326,-0.60,0.26,12.04,-1.06,-0.38,-0.06
47370,-0.64,0.28,12.29,-1.10,-0.40,-0.06
47413,-0.65,0.27,12.49,-1.14,-0.41,-0.06
47457,-0.65,0.26,12.65,-1.17,-0.43,-0.07
47501,-0.67,0.28,12.68,-1.17,-0.43,-0.06
47544,-0.65,0.26,12.63,-1.16,-0.43,-0.06
47588,-0.65,0.22,12.49,-1.13,-0.42,-0.06
47632,-0.60,0.21,12.30,-1.11,-0.41,-0.06
47675,-0.54,0.20,12.05,-1.07,-0.40,-0.05
47719,-0.53,0.18,11.77,-1.03,-0.39,-0.05
47763,-0.51,0.17,11.37,-0.96,-0.37,-0.05
47806,-0.45,0.14,10.97,-0.88,-0.34,-0.04
47850,-0.40,0.10,10.56,-0.79,-0.31,-0.03
47894,-0.35,0.13,10.21,-0.71,-0.28,-0.03
47937,-0.30,0.09,9.86,-0.61,-0.25,-0.02
47980,-0.26,0.08,9.48,-0.52,-0.22,-0.02
48022,-0.24,0.07,9.22,-0.40,-0.18,-0.01
48065,-0.20,0.07,8.97,-0.29,-0.14,0.00
48107,-0.18,0.05,8.80,-0.18,-0.10,0.01
48148,-0.17,0.03,8.75,-0.06,-0.06,0.02
48190,-0.17,0.06,8.77,0.05,-0.03,0.03
48231,-0.17,0.06,8.82,0.15,0.01,0.03
48270,-0.13,0.08,8.88,0.25,0.04,0.04
48310,-0.14,0.08,9.04,0.35,0.08,0.04
48349,-0.16,0.07,9.29,0.46,0.11,0.05
48389,-0.17,0.09,9.55,0.56,0.15,0.06
48429,-0.19,0.12,9.92,0.65,0.18,0.06
48467,-0.21,0.13,10.28,0.74,0.21,0.07
48508,-0.22,0.15,10.60,0.81,0.24,0.07
48548,-0.23,0.16,10.97,0.88,0.26,0.07
48589,-0.26,0.21,11.30,0.95,0.29,0.07
48630,-0.28,0.20,11.65,1.00,0.31,0.08
48670,-0.31,0.23,12.00,1.07,0.34,0.08
48711,-0.33,0.26,12.24,1.11,0.35,0.09
48751,-0.34,0.26,12.43,1.13,0.36,0.09
48792,-0.36,0.27,12.58,1.14,0.37,0.09
48833,-0.38,0.27,12.63,1.15,0.38,0.09
48873,-0.41,0.28,12.60,1.16,0.38,0.09
48914,-0.43,0.28,12.55,1.15,0.38,0.09
48954,-0.44,0.28,12.41,1.12,0.37,0.09
48995,-0.43,0.27,12.18,1.08,0.36,0.09
49036,-0.45,0.27,11.97,1.03,0.34,0.09
49076,-0.44,0.27,11.62,0.98,0.32,0.08
49117,-0.45,0.23,11.29,0.92,0.30,0.08
49158,-0.45,0.23,10.97,0.86,0.28,0.08
49198,-0.42,0.22,10.59,0.78,0.26,0.07
49239,-0.43,0.20,10.20,0.69,0.22,0.07
49278,-0.42,0.23,9.87,0.60,0.19,0.06
49318,-0.41,0.20,9.58,0.51,0.16,0.06
49358,-0.42,0.19,9.32,0.42,0.13,0.05
49397,-0.41,0.20,9.14,0.32,0.09,0.05
49437,-0.39,0.18,8.99,0.22,0.06,0.04
49476,-0.41,0.19,8.85,0.11,0.02,0.03
49516,-0.42,0.18,8.85,0.00,-0.02,0.02
49557,-0.40,0.19,8.85,-0.11,-0.06,0.01
49598,-0.42,0.19,8.97,-0.22,-0.10,0.00
49640,-0.44,0.19,9.18,-0.33,-0.14,-0.01
49682,-0.47,0.20,9.40,-0.43,-0.18,-0.02
49725,-0.48,0.23,9.68,-0.53,-0.21,-0.02
49768,-0.49,0.21,10.00,-0.62,-0.25,-0.03
49811,-0.52,0.24,10.35,-0.72,-0.29,-0.04
49855,-0.57,0.23,10.75,-0.82,-0.32,-0.04
49899,-0.57,0.26,11.13,-0.90,-0.35,-0.04
49942,-0.57,0.27,11.52,-0.96,-0.37,-0.04
49986,-0.58,0.27,11.84,-1.03,-0.40,-0.05
50030,-0.58,0.27,12.09,-1.05,-0.40,-0.04
50073,-0.58,0.31,12.31,-1.09,-0.42,-0.05
50117,-0.57,0.29,12.52,-1.13,-0.43,-0.05
50161,-0.54,0.27,12.57,-1.15,-0.44,-0.06
50204,-0.53,0.28,12.59,-1.14,-0.44,-0.06
50248,-0.48,0.27,12.47,-1.12,-0.43,-0.06
50292,-0.46,0.29,12.33,-1.09,-0.42,-0.06
50335,-0.41,0.25,12.11,-1.07,-0.41,-0.05
50379,-0.38,0.25,11.83,-1.03,-0.39,-0.05
50423,-0.33,0.23,11.48,-0.97,-0.37,-0.04
50466,-0.29,0.19,11.06,-0.89,-0.35,-0.03
50510,-0.24,0.19,10.69,-0.81,-0.32,-0.02
50553,-0.21,0.16,10.31,-0.73,-0.29,-0.02
50597,-0.17,0.13,10.01,-0.64,-0.26,-0.01
50641,-0.15,0.12,9.61,-0.55,-0.22,-0.01
50683,-0.13,0.08,9.33,-0.44,-0.18,-0.00
50726,-0.11,0.09,9.05,-0.33,-0.14,0.00
50768,-0.12,0.09,8.88,-0.22,-0.10,0.00
50809,-0.09,0.07,8.82,-0.11,-0.07,0.01
50851,-0.10,0.08,8.79,-0.00,-0.03,0.01
50893,-0.09,0.06,8.81,0.10,0.01,0.02
50932,-0.11,0.10,8.88,0.20,0.04,0.03
50972,-0.11,0.09,9.00,0.30,0.08,0.04
51011,-0.13,0.07,9.24,0.41,0.12,0.04
51051,-0.16,0.09,9.52,0.51,0.15,0.05
51091,-0.20,0.13,9.81,0.60,0.18,0.06
51130,-0.20,0.09,10.13,0.68,0.21,0.07
51171,-0.25,0.13,10.47,0.76,0.24,0.07
51211,-0.28,0.14,10.81,0.83,0.27,0.08
51252,-0.33,0.15,11.15,0.90,0.29,0.08
51293,-0.38,0.15,11.46,0.97,0.31,0.08
51333,-0.38,0.15,11.79,1.02,0.33,0.08
51374,-0.45,0.21,12.07,1.07,0.35,0.09
51414,-0.47,0.20,12.28,1.09,0.36,0.09
51454,-0.49,0.20,12.42,1.11,0.37,0.09
51495,-0.54,0.23,12.50,1.12,0.37,0.09
51535,-0.54,0.23,12.54,1.13,0.37,0.09
51576,-0.57,0.24,12.49,1.13,0.37,0.10
51616,-0.59,0.22,12.37,1.11,0.37,0.10
51657,-0.59,0.22,12.18,1.07,0.35,0.10
51698,-0.60,0.21,11.99,1.03,0.33,0.10
51738,-0.57,0.18,11.70,0.98,0.32,0.10
51779,-0.56,0.21,11.35,0.93,0.30,0.09
51820,-0.56,0.21,11.08,0.87,0.27,0.09
51860,-0.54,0.19,10.69,0.80,0.25,0.08
51901,-0.51,0.19,10.33,0.72,0.22,0.07
51941,-0.50,0.16,9.99,0.63,0.19,0.06
51981,-0.48,0.19,9.71,0.54,0.15,0.06
52021,-0.45,0.18,9.48,0.45,0.12,0.05
52060,-0.43,0.19,9.22,0.35,0.09,0.04
52100,-0.41,0.19,9.06,0.26,0.05,0.04
52139,-0.39,0.19,8.94,0.16,0.01,0.03
52178,-0.40,0.20,8.90,0.05,-0.02,0.02
52218,-0.40,0.21,8.91,-0.06,-0.06,0.02
52260,-0.38,0.21,8.99,-0.18,-0.10,0.01
52302,-0.39,0.21,9.15,-0.28,-0.14,0.00
52343,-0.38,0.23,9.34,-0.38,-0.18,-0.00
52386,-0.38,0.24,9.57,-0.48,-0.21,-0.01
52429,-0.40,0.26,9.87,-0.57,-0.24,-0.02
52471,-0.42,0.27,10.22,-0.67,-0.28,-0.03
52515,-0.42,0.29,10.61,-0.76,-0.31,-0.03
52559,-0.42,0.30,10.94,-0.85,-0.34,-0.04
52602,-0.40,0.32,11.31,-0.92,-0.36,-0.04
52646,-0.43,0.33,11.64,-0.97,-0.38,-0.04
52690,-0.42,0.33,11.97,-1.02,-0.39,-0.04
52733,-0.41,0.34,12.17,-1.06,-0.41,-0.04
52777,-0.40,0.34,12.35,-1.10,-0.42,-0.04
52822,-0.39,0.32,12.47,-1.12,-0.42,-0.05
52865,-0.38,0.34,12.47,-1.12,-0.42,-0.05
52909,-0.36,0.31,12.43,-1.11,-0.42,-0.05
52953,-0.34,0.30,12.33,-1.09,-0.40,-0.05
52996,-0.32,0.30,12.14,-1.07,-0.39,-0.04
53040,-0.29,0.26,11.91,-1.03,-0.38,-0.04
53083,-0.31,0.25,11.55,-0.98,-0.36,-0.04
53127,-0.27,0.22,11.18,-0.91,-0.33,-0.04
53171,-0.23,0.20,10.80,-0.83,-0.30,-0.03
53214,-0.25,0.17,10.50,-0.75,-0.28,-0.03
53258,-0.21,0.15,10.12,-0.67,-0.25,-0.02
53302,-0.20,0.12,9.75,-0.58,-0.21,-0.02
53344,-0.18,0.08,9.47,-0.48,-0.18,-0.01
53387,-0.20,0.08,9.21,-0.37,-0.14,-0.00
53430,-0.19,0.06,9.01,-0.26,-0.10,0.00
53471,-0.17,0.05,8.89,-0.15,-0.07,0.01
53513,-0.21,0.06,8.83,-0.04,-0.03,0.02
53555,-0.20,0.06,8.84,0.06,0.01,0.02
53594,-0.23,0.05,8.91,0.16,0.04,0.03
53634,-0.23,0.06,9.01,0.26,0.07,0.03
53672,-0.29,0.05,9.19,0.36,0.11,0.04
53712,-0.29,0.05,9.44,0.46,0.14,0.05
53752,-0.34,0.06,9.69,0.55,0.17,0.06
53791,-0.37,0.07,9.98,0.64,0.20,0.06
53831,-0.39,0.08,10.32,0.72,0.23,0.07
53871,-0.45,0.08,10.64,0.79,0.25,0.08
53912,-0.48,0.11,10.98,0.86,0.27,0.08
53953,-0.49,0.11,11.31,0.93,0.29,0.09
53993,-0.53,0.13,11.61,0.98,0.31,0.09
54034,-0.56,0.14,11.91,1.04,0.33,0.10
54074,-0.57,0.14,12.14,1.06,0.34,0.10
54115,-0.60,0.16,12.30,1.09,0.34,0.10
54156,-0.63,0.19,12.42,1.11,0.35,0.10
54196,-0.62,0.19,12.47,1.12,0.35,0.10
54237,-0.61,0.18,12.43,1.12,0.35,0.10
54277,-0.60,0.19,12.32,1.11,0.34,0.10
54318,-0.60,0.21,12.20,1.08,0.33,0.10
54359,-0.60,0.21,11.96,1.03,0.31,0.09
54398,-0.54,0.20,11.72,0.99,0.30,0.09
54439,-0.53,0.22,11.45,0.94,0.28,0.09
54479,-0.51,0.23,11.14,0.89,0.26,0.08
54520,-0.46,0.24,10.81,0.82,0.24,0.08
54561,-0.44,0.24,10.45,0.74,0.21,0.07
54601,-0.39,0.23,10.16,0.66,0.18,0.07
54642,-0.35,0.22,9.84,0.57,0.15,0.06
54682,-0.34,0.23,9.59,0.48,0.12,0.05
54721,-0.33,0.25,9.36,0.39,0.09,0.05
54761,-0.28,0.24,9.21,0.29,0.05,0.04
54800,-0.27,0.23,9.06,0.19,0.02,0.03
54840,-0.26,0.23,8.94,0.09,-0.02,0.03
54880,-0.25,0.24,8.94,-0.02,-0.05,0.02
54922,-0.25,0.27,9.02,-0.13,-0.09,0.01
54964,-0.22,0.26,9.11,-0.24,-0.13,0.00
55005,-0.23,0.27,9.28,-0.34,-0.16,-0.00
55048,-0.25,0.28,9.51,-0.44,-0.19,-0.01
55091,-0.23,0.30,9.78,-0.54,-0.22,-0.01
55133,-0.26,0.29,10.10,-0.63,-0.25,-0.02
55177,-0.28,0.32,10.46,-0.72,-0.28,-0.02
55221,-0.27,0.33,10.81,-0.81,-0.31,-0.03
55264,-0.29,0.33,11.21,-0.89,-0.33,-0.03
55308,-0.31,0.34,11.49,-0.94,-0.35,-0.03
55352,-0.33,0.39,11.80,-1.00,-0.37,-0.04
55395,-0.34,0.35,12.03,-1.04,-0.38,-0.04
55439,-0.35,0.34,12.23,-1.08,-0.39,-0.04
55483,-0.36,0.34,12.34,-1.10,-0.39,-0.05
55526,-0.38,0.32,12.41,-1.11,-0.40,-0.05
55570,-0.37,0.31,12.39,-1.10,-0.39,-0.05
55614,-0.40,0.30,12.27,-1.08,-0.38,-0.05
55657,-0.40,0.28,12.12,-1.06,-0.37,-0.05
55701,-0.40,0.24,11.92,-1.03,-0.36,-0.05
55744,-0.39,0.22,11.60,-0.98,-0.34,-0.04
55788,-0.40,0.20,11.25,-0.92,-0.32,-0.04
55832,-0.37,0.17,10.90,-0.85,-0.30,-0.03
55875,-0.36,0.11,10.54,-0.77,-0.27,-0.03
55919,-0.37,0.11,10.21,-0.69,-0.24,-0.02
55963,-0.35,0.07,9.86,-0.60,-0.22,-0.02
56005,-0.34,0.04,9.56,-0.51,-0.18,-0.02
56048,-0.34,0.05,9.30,-0.40,-0.15,-0.01
56091,-0.31,0.04,9.09,-0.29,-0.11,-0.00
56133,-0.34,0.02,8.98,-0.18,-0.08,0.00
56175,-0.32,0.02,8.87,-0.08,-0.04,0.01
56217,-0.35,0.00,8.91,0.03,-0.01,0.02
56257,-0.35,0.01,8.91,0.13,0.02,0.03
56297,-0.35,0.01,9.00,0.22,0.05,0.04
56336,-0.36,0.02,9.15,0.33,0.09,0.05
56376,-0.41,0.02,9.36,0.43,0.12,0.05
56416,-0.41,0.02,9.58,0.52,0.15,0.06
56455,-0.44,0.03,9.91,0.61,0.17,0.07
56495,-0.46,0.07,10.21,0.69,0.20,0.08
56535,-0.50,0.06,10.55,0.76,0.22,0.08
56576,-0.49,0.07,10.84,0.83,0.24,0.08
56616,-0.51,0.07,11.16,0.90,0.26,0.09
56656,-0.52,0.11,11.45,0.96,0.28,0.09
56697,-0.56,0.15,11.80,1.00,0.29,0.09
56737,-0.56,0.15,12.00,1.05,0.31,0.09
56778,-0.54,0.18,12.17,1.07,0.32,0.09
56819,-0.54,0.18,12.29,1.09,0.32,0.10
56859,-0.56,0.22,12.36,1.10,0.33,0.10
56900,-0.51,0.18,12.35,1.10,0.33,0.10
56940,-0.49,0.24,12.26,1.09,0.32,0.10
56981,-0.47,0.24,12.15,1.07,0.32,0.09
57022,-0.44,0.26,11.99,1.03,0.30,0.09
57062,-0.41,0.25,11.75,0.99,0.29,0.09
57103,-0.36,0.28,11.46,0.94,0.27,0.08
57143,-0.35,0.26,11.20,0.89,0.26,0.08
57184,-0.31,0.28,10.86,0.82,0.24,0.07
57225,-0.29,0.27,10.55,0.75,0.21,0.07
57265,-0.25,0.29,10.21,0.67,0.19,0.06
57306,-0.24,0.26,9.91,0.58,0.16,0.05
57346,-0.20,0.27,9.68,0.49,0.13,0.05
57384,-0.19,0.28,9.40,0.40,0.10,0.04
57424,-0.19,0.26,9.26,0.31,0.07,0.04
57463,-0.19,0.27,9.12,0.21,0.04,0.04
57503,-0.16,0.27,9.02,0.11,0.00,0.03
57542,-0.17,0.28,8.95,0.01,-0.03,0.02
57583,-0.18,0.28,9.02,-0.10,-0.06,0.02
57625,-0.19,0.28,9.12,-0.21,-0.10,0.01
57666,-0.17,0.29,9.29,-0.31,-0.13,0.00
57708,-0.17,0.29,9.47,-0.40,-0.16,-0.00
57751,-0.22,0.31,9.73,-0.50,-0.19,-0.01
57793,-0.23,0.31,10.03,-0.59,-0.22,-0.02
57837,-0.27,0.31,10.30,-0.69,-0.25,-0.02
57881,-0.29,0.34,10.70,-0.78,-0.28,-0.03
57924,-0.32,0.34,11.02,-0.85,-0.31,-0.03
57968,-0.34,0.31,11.34,-0.91,-0.33,-0.04
58012,-0.40,0.32,11.65,-0.96,-0.34,-0.04
58055,-0.43,0.35,11.89,-1.01,-0.36,-0.04
58099,-0.44,0.31,12.10,-1.05,-0.37,-0.04
58142,-0.47,0.31,12.25,-1.08,-0.38,-0.05
58186,-0.51,0.28,12.32,-1.09,-0.38,-0.05
58230,-0.52,0.26,12.30,-1.09,-0.38,-0.05
58273,-0.55,0.24,12.22,-1.07,-0.37,-0.05
58317,-0.53,0.23,12.08,-1.05,-0.37,-0.06
58361,-0.52,0.20,11.92,-1.02,-0.36,-0.05
58404,-0.52,0.18,11.63,-0.98,-0.35,-0.05
58448,-0.50,0.14,11.30,-0.92,-0.33,-0.05
58492,-0.50,0.13,10.96,-0.85,-0.30,-0.04
58535,-0.49,0.11,10.64,-0.77,-0.28,-0.04
58579,-0.45,0.06,10.33,-0.70,-0.26,-0.03
58624,-0.44,0.06,10.01,-0.61,-0.23,-0.02
58667,-0.42,0.06,9.67,-0.52,-0.20,-0.01
58710,-0.40,0.03,9.38,-0.42,-0.17,-0.01
58753,-0.39,0.01,9.18,-0.31,-0.14,-0.00
58795,-0.38,0.01,9.00,-0.20,-0.10,0.00
58836,-0.35,0.03,8.93,-0.10,-0.07,0.01
58878,-0.35,0.02,8.90,0.00,-0.04,0.02
58918,-0.34,0.00,8.94,0.10,-0.00,0.03
58959,-0.34,0.00,9.02,0.20,0.03,0.03
58998,-0.34,0.03,9.16,0.30,0.06,0.04
59038,-0.34,0.03,9.31,0.40,0.09,0.05
59078,-0.34,0.03,9.57,0.49,0.12,0.06
59117,-0.39,0.06,9.85,0.58,0.15,0.06
59157,-0.38,0.06,10.12,0.66,0.18,0.07
59197,-0.37,0.09,10.43,0.73,0.20,0.07
59238,-0.39,0.11,10.75,0.81,0.23,0.08
59279,-0.41,0.14,11.09,0.87,0.25,0.08
59319,-0.40,0.17,11.40,0.93,0.27,0.09
59360,-0.40,0.16,11.65,0.98,0.28,0.09
59400,-0.37,0.17,11.90,1.01,0.30,0.09
59441,-0.40,0.21,12.06,1.05,0.31,0.09
59482,-0.41,0.20,12.17,1.07,0.32,0.09
59522,-0.39,0.26,12.25,1.08,0.32,0.09
59563,-0.36,0.26,12.33,1.08,0.32,0.09
59602,-0.37,0.27,12.25,1.07,0.32,0.09
59643,-0.35,0.29,12.13,1.05,0.32,0.09
59684,-0.36,0.28,11.95,1.02,0.31,0.08
59724,-0.31,0.29,11.76,0.98,0.30,0.08
59765,-0.29,0.29,11.48,0.93,0.29,0.08
59805,-0.29,0.27,11.20,0.88,0.27,0.08
59846,-0.28,0.28,10.93,0.82,0.25,0.07
59887,-0.28,0.29,10.60,0.75,0.23,0.07
59927,-0.24,0.29,10.31,0.67,0.20,0.06
59968,-0.23,0.28,10.01,0.58,0.17,0.06
60009,-0.23,0.27,9.74,0.50,0.15,0.05
60048,-0.23,0.27,9.50,0.41,0.12,0.04
60088,-0.24,0.24,9.31,0.32,0.09,0.04
60127,-0.23,0.26,9.16,0.23,0.06,0.03
60167,-0.24,0.24,9.08,0.13,0.02,0.03
60206,-0.25,0.26,9.05,0.02,-0.01,0.02
60247,-0.24,0.23,9.04,-0.08,-0.05,0.01
60289,-0.26,0.24,9.14,-0.19,-0.08,0.01
60329,-0.30,0.25,9.25,-0.29,-0.11,0.00
60371,-0.32,0.24,9.47,-0.38,-0.15,-0.01
60414,-0.32,0.27,9.69,-0.48,-0.18,-0.01
60456,-0.36,0.26,9.95,-0.57,-0.21,-0.02
60499,-0.38,0.26,10.24,-0.66,-0.24,-0.02
60544,-0.42,0.27,10.57,-0.74,-0.27,-0.03
60587,-0.46,0.27,10.92,-0.82,-0.30,-0.04
60631,-0.50,0.27,11.22,-0.88,-0.32,-0.04
60675,-0.50,0.26,11.52,-0.94,-0.34,-0.04
60718,-0.55,0.27,11.79,-0.98,-0.35,-0.05
60762,-0.59,0.26,11.99,-1.02,-0.37,-0.05
60806,-0.59,0.26,12.15,-1.05,-0.38,-0.05
60849,-0.60,0.25,12.20,-1.06,-0.39,-0.05
60893,-0.58,0.23,12.22,-1.06,-0.39,-0.06
60936,-0.61,0.23,12.19,-1.05,-0.39,-0.06
60980,-0.58,0.20,12.05,-1.03,-0.38,-0.05
61024,-0.56,0.18,11.88,-1.00,-0.37,-0.05
61067,-0.54,0.18,11.64,-0.97,-0.36,-0.05
61111,-0.49,0.14,11.31,-0.91,-0.34,-0.04
61155,-0.49,0.12,10.99,-0.85,-0.32,-0.04
61198,-0.45,0.13,10.68,-0.77,-0.30,-0.03
61242,-0.42,0.09,10.39,-0.70,-0.27,-0.03
61286,-0.35,0.09,10.02,-0.61,-0.25,-0.02
61329,-0.34,0.07,9.74,-0.53,-0.22,-0.02
61372,-0.31,0.06,9.49,-0.43,-0.19,-0.01
61415,-0.27,0.05,9.20,-0.33,-0.15,-0.00
61457,-0.27,0.02,9.09,-0.22,-0.12,0.00
61499,-0.25,0.04,8.98,-0.12,-0.08,0.01
61541,-0.23,0.05,8.94,-0.02,-0.05,0.02
61582,-0.23,0.04,8.96,0.08,-0.02,0.03
61623,-0.22,0.04,9.03,0.18,0.02,0.03
61662,-0.23,0.08,9.14,0.28,0.05,0.04
61702,-0.22,0.06,9.31,0.37,0.08,0.05
61742,-0.23,0.09,9.50,0.47,0.12,0.05
61780,-0.22,0.09,9.79,0.55,0.14,0.06
61820,-0.24,0.11,10.07,0.63,0.17,0.06
61860,-0.23,0.12,10.35,0.70,0.20,0.07
61901,-0.26,0.13,10.68,0.78,0.23,0.07
61942,-0.28,0.16,11.00,0.84,0.25,0.07
61982,-0.28,0.19,11.27,0.90,0.27,0.08
62023,-0.30,0.20,11.51,0.95,0.29,0.08
62063,-0.32,0.25,11.77,0.99,0.30,0.08
62104,-0.35,0.23,11.99,1.02,0.32,0.08
62145,-0.34,0.24,12.10,1.04,0.32,0.08
62185,-0.33,0.24,12.15,1.05,0.33,0.09
62226,-0.35,0.26,12.19,1.06,0.34,0.09
62266,-0.37,0.27,12.19,1.05,0.34,0.09
62307,-0.36,0.27,12.08,1.03,0.33,0.09
62348,-0.38,0.28,11.93,1.01,0.32,0.09
62388,-0.38,0.27,11.71,0.97,0.31,0.08
62429,-0.37,0.27,11.50,0.92,0.30,0.08
62469,-0.36,0.25,11.25,0.87,0.28,0.08
62510,-0.38,0.27,10.93,0.81,0.26,0.07
62551,-0.38,0.24,10.64,0.75,0.24,0.07
62590,-0.37,0.23,10.37,0.67,0.21,0.06
62631,-0.36,0.22,10.04,0.59,0.18,0.06
62672,-0.35,0.21,9.79,0.50,0.16,0.05
62711,-0.34,0.22,9.58,0.42,0.13,0.05
62751,-0.36,0.21,9.35,0.33,0.09,0.04
62790,-0.36,0.22,9.23,0.24,0.06,0.04
62830,-0.36,0.19,9.12,0.14,0.03,0.03
62870,-0.37,0.21,9.05,0.05,-0.00,0.03
62910,-0.39,0.20,9.06,-0.06,-0.04,0.02
62952,-0.38,0.22,9.14,-0.16,-0.08,0.01
62993,-0.37,0.20,9.27,-0.26,-0.11,0.00
63035,-0.44,0.19,9.42,-0.36,-0.15,-0.01
63078,-0.42,0.22,9.63,-0.45,-0.18,-0.01
63120,-0.48,0.24,9.90,-0.54,-0.21,-0.02
63163,-0.47,0.23,10.18,-0.63,-0.24,-0.03
63207,-0.49,0.23,10.51,-0.71,-0.28,-0.03
63250,-0.52,0.23,10.87,-0.79,-0.30,-0.04
63294,-0.55,0.24,11.15,-0.86,-0.33,-0.04
63338,-0.54,0.23,11.41,-0.91,-0.35,-0.04
63381,-0.57,0.25,11.70,-0.95,-0.36,-0.04
63425,-0.55,0.23,11.88,-1.00,-0.38,-0.05
63469,-0.57,0.25,12.05,-1.02,-0.39,-0.05
63512,-0.54,0.24,12.14,-1.04,-0.40,-0.05
63556,-0.55,0.27,12.15,-1.04,-0.40,-0.05
63599,-0.50,0.25,12.10,-1.03,-0.39,-0.05
63643,-0.49,0.24,12.00,-1.01,-0.39,-0.05
63687,-0.46,0.22,11.83,-0.99,-0.38,-0.05
63730,-0.42,0.20,11.65,-0.95,-0.37,-0.04
63774,-0.39,0.18,11.33,-0.90,-0.35,-0.04
63818,-0.37,0.19,11.05,-0.84,-0.33,-0.03
63861,-0.31,0.17,10.72,-0.77,-0.30,-0.03
63905,-0.30,0.15,10.40,-0.70,-0.28,-0.02
63949,-0.25,0.15,10.12,-0.62,-0.25,-0.02
63992,-0.24,0.12,9.79,-0.53,-0.22,-0.01
64035,-0.20,0.10,9.52,-0.44,-0.19,-0.00
64078,-0.19,0.09,9.31,-0.34,-0.15,-0.00
64120,-0.13,0.07,9.18,-0.24,-0.12,0.00
64162,-0.13,0.09,9.03,-0.13,-0.08,0.01
64204,-0.13,0.09,8.98,-0.04,-0.05,0.02
64245,-0.14,0.06,8.99,0.06,-0.01,0.02
64286,-0.16,0.09,9.08,0.16,0.02,0.03
64325,-0.15,0.09,9.18,0.25,0.06,0.03
64365,-0.14,0.10,9.31,0.34,0.09,0.04
64405,-0.17,0.12,9.51,0.44,0.12,0.05
64444,-0.17,0.12,9.76,0.52,0.15,0.05
64484,-0.21,0.14,10.02,0.60,0.18,0.06
64524,-0.23,0.15,10.31,0.68,0.21,0.06
64565,-0.24,0.15,10.59,0.75,0.23,0.07
64606,-0.28,0.17,10.92,0.81,0.25,0.07
64646,-0.32,0.19,11.20,0.87,0.28,0.08
64687,-0.34,0.19,11.47,0.92,0.29,0.08
64727,-0.38,0.19,11.71,0.96,0.31,0.08
64768,-0.39,0.18,11.91,0.99,0.32,0.08
64808,-0.40,0.21,12.00,1.02,0.33,0.08
64848,-0.45,0.21,12.10,1.03,0.34,0.09
64889,-0.44,0.22,12.13,1.03,0.34,0.09
64929,-0.45,0.24,12.12,1.03,0.34,0.09
64970,-0.52,0.23,12.02,1.02,0.33,0.09
65011,-0.50,0.24,11.91,0.99,0.32,0.09
65051,-0.49,0.21,11.71,0.96,0.31,0.09
65092,-0.50,0.21,11.50,0.91,0.30,0.09
65133,-0.50,0.23,11.22,0.86,0.28,0.08
65173,-0.49,0.21,10.95,0.81,0.26,0.08
65214,-0.47,0.20,10.66,0.75,0.24,0.07
65254,-0.48,0.20,10.38,0.67,0.21,0.07
65295,-0.45,0.20,10.10,0.59,0.18,0.06
65336,-0.45,0.20,9.83,0.51,0.15,0.05
65375,-0.44,0.19,9.59,0.43,0.12,0.05
65415,-0.41,0.19,9.42,0.34,0.09,0.04
65454,-0.41,0.17,9.29,0.25,0.05,0.04
65494,-0.41,0.17,9.17,0.16,0.02,0.03
65533,-0.39,0.17,9.11,0.06,-0.01,0.02
65573,-0.42,0.19,9.11,-0.04,-0.05,0.02
65615,-0.40,0.19,9.13,-0.14,-0.08,0.01
65656,-0.41,0.19,9.25,-0.24,-0.12,0.00
65698,-0.41,0.23,9.44,-0.33,-0.15,-0.00
65741,-0.41,0.22,9.63,-0.43,-0.19,-0.01
65783,-0.41,0.23,9.89,-0.51,-0.22,-0.02
65826,-0.42,0.24,10.15,-0.60,-0.25,-0.02
65870,-0.45,0.25,10.45,-0.68,-0.28,-0.03
65913,-0.45,0.25,10.77,-0.76,-0.31,-0.03
65957,-0.45,0.27,11.08,-0.83,-0.33,-0.04
66001,-0.47,0.28,11.33,-0.89,-0.35,-0.04
66044,-0.45,0.30,11.60,-0.93,-0.36,-0.04
66088,-0.46,0.28,11.81,-0.97,-0.38,-0.04
66132,-0.44,0.29,11.95,-1.00,-0.39,-0.04
66176,-0.42,0.30,12.05,-1.02,-0.39,-0.04
66220,-0.40,0.27,12.07,-1.02,-0.39,-0.04
66264,-0.40,0.28,12.05,-1.02,-0.39,-0.04
66307,-0.37,0.26,11.97,-1.00,-0.38,-0.04
66351,-0.33,0.25,11.79,-0.97,-0.37,-0.04
66394,-0.31,0.24,11.63,-0.94,-0.36,-0.04
66438,-0.30,0.24,11.35,-0.90,-0.34,-0.04
66482,-0.25,0.21,11.04,-0.84,-0.32,-0.03
66525,-0.24,0.19,10.75,-0.77,-0.29,-0.03
66569,-0.22,0.19,10.42,-0.69,-0.27,-0.02
66613,-0.23,0.15,10.13,-0.62,-0.24,-0.02
66656,-0.17,0.12,9.86,-0.54,-0.21,-0.01
66699,-0.17,0.11,9.60,-0.45,-0.18,-0.01
66742,-0.17,0.11,9.36,-0.35,-0.14,-0.00
66784,-0.15,0.08,9.20,-0.25,-0.11,0.00
66826,-0.16,0.09,9.08,-0.15,-0.07,0.01
66868,-0.16,0.08,9.02,-0.05,-0.04,0.02
66909,-0.17,0.06,9.01,0.04,-0.00,0.02
66950,-0.20,0.07,9.11,0.14,0.03,0.03
66989,-0.18,0.08,9.19,0.23,0.06,0.03
67028,-0.22,0.06,9.30,0.32,0.09,0.04
67068,-0.23,0.08,9.51,0.41,0.12,0.05
67107,-0.28,0.07,9.72,0.50,0.15,0.05
67147,-0.30,0.09,9.99,0.58,0.18,0.06
67186,-0.32,0.11,10.26,0.65,0.20,0.06
67227,-0.36,0.12,10.59,0.73,0.23,0.07
67268,-0.39,0.12,10.83,0.79,0.25,0.07
67308,-0.40,0.11,11.10,0.85,0.27,0.08
67349,-0.45,0.14,11.36,0.90,0.29,0.08
67389,-0.47,0.16,11.59,0.94,0.30,0.08
67430,-0.48,0.17,11.79,0.97,0.31,0.09
67471,-0.50,0.17,11.94,1.00,0.32,0.09
67511,-0.53,0.17,12.02,1.01,0.32,0.09
67552,-0.56,0.19,12.05,1.02,0.32,0.09
67592,-0.56,0.20,12.01,1.02,0.32,0.09
67633,-0.55,0.20,11.96,1.01,0.32,0.09
67674,-0.56,0.19,11.88,0.98,0.31,0.09
67714,-0.55,0.19,11.65,0.95,0.30,0.09
67755,-0.55,0.20,11.45,0.91,0.28,0.08
67795,-0.53,0.18,11.21,0.86,0.26,0.08
67835,-0.50,0.22,10.96,0.81,0.24,0.08
67876,-0.49,0.21,10.69,0.75,0.22,0.07
67916,-0.46,0.21,10.40,0.68,0.20,0.07
67957,-0.43,0.21,10.13,0.60,0.17,0.06
67998,-0.42,0.20,9.90,0.52,0.14,0.06
68037,-0.40,0.20,9.68,0.43,0.11,0.05
68077,-0.38,0.18,9.49,0.35,0.08,0.04
68116,-0.36,0.22,9.32,0.26,0.05,0.04
68156,-0.35,0.22,9.21,0.17,0.02,0.03
68196,-0.32,0.20,9.16,0.08,-0.02,0.03
68236,-0.31,0.21,9.11,-0.02,-0.05,0.02
68278,-0.31,0.24,9.19,-0.12,-0.08,0.01
68319,-0.32,0.23,9.31,-0.22,-0.12,0.00
68361,-0.29,0.24,9.44,-0.31,-0.15,-0.00
68404,-0.29,0.25,9.63,-0.40,-0.18,-0.01
68446,-0.30,0.26,9.86,-0.49,-0.21,-0.01
68489,-0.31,0.27,10.14,-0.58,-0.24,-0.02
68533,-0.31,0.28,10.41,-0.66,-0.27,-0.02
68576,-0.32,0.30,10.72,-0.74,-0.29,-0.03
68620,-0.33,0.32,11.02,-0.81,-0.32,-0.03
68664,-0.34,0.33,11.30,-0.87,-0.33,-0.03
68707,-0.34,0.32,11.52,-0.91,-0.34,-0.03
68751,-0.35,0.31,11.73,-0.95,-0.36,-0.04
68795,-0.32,0.31,11.88,-0.98,-0.36,-0.04
68838,-0.35,0.31,11.99,-1.00,-0.37,-0.04
68882,-0.35,0.33,12.02,-1.01,-0.37,-0.04
68926,-0.36,0.29,11.99,-1.01,-0.37,-0.04
68969,-0.35,0.27,11.92,-0.99,-0.36,-0.04
69013,-0.34,0.25,11.77,-0.97,-0.35,-0.04
69056,-0.34,0.24,11.58,-0.94,-0.34,-0.04
69100,-0.32,0.23,11.36,-0.89,-0.32,-0.04
69144,-0.34,0.21,11.04,-0.84,-0.30,-0.03
69187,-0.31,0.16,10.73,-0.77,-0.28,-0.03
69231,-0.30,0.15,10.46,-0.70,-0.25,-0.02
69275,-0.30,0.12,10.18,-0.62,-0.23,-0.02
69318,-0.28,0.08,9.90,-0.54,-0.20,-0.01
69361,-0.26,0.09,9.63,-0.46,-0.17,-0.01
69404,-0.28,0.07,9.43,-0.36,-0.14,-0.00
69446,-0.28,0.06,9.22,-0.26,-0.10,-0.00
69489,-0.27,0.05,9.10,-0.16,-0.07,0.01
69531,-0.31,0.04,9.03,-0.06,-0.04,0.01
69572,-0.28,0.04,9.07,0.04,-0.01,0.02
69613,-0.32,0.04,9.13,0.13,0.02,0.03
69652,-0.32,0.04,9.22,0.22,0.05,0.03
69692,-0.34,0.04,9.31,0.31,0.08,0.04
69732,-0.35,0.06,9.51,0.40,0.11,0.05
69771,-0.38,0.06,9.70,0.48,0.14,0.06
69811,-0.40,0.04,9.96,0.57,0.17,0.06
69850,-0.43,0.05,10.27,0.64,0.19,0.07
69891,-0.44,0.08,10.53,0.71,0.21,0.07
69932,-0.48,0.11,10.77,0.77,0.23,0.08
69971,-0.48,0.10,11.06,0.83,0.25,0.08
70012,-0.52,0.09,11.29,0.88,0.27,0.08
70052,-0.52,0.13,11.49,0.93,0.28,0.09
70093,-0.53,0.15,11.72,0.96,0.29,0.09
70134,-0.52,0.17,11.86,0.98,0.30,0.09
70174,-0.55,0.17,11.94,1.00,0.30,0.09
70215,-0.54,0.19,11.99,1.01,0.30,0.09
70255,-0.53,0.21,12.00,1.01,0.30,0.09
70296,-0.52,0.20,11.92,0.99,0.30,0.09
70337,-0.48,0.20,11.83,0.97,0.29,0.09
70377,-0.49,0.24,11.64,0.94,0.28,0.09
70418,-0.44,0.24,11.44,0.90,0.26,0.08
70459,-0.43,0.25,11.22,0.85,0.25,0.08
70499,-0.39,0.23,10.98,0.80,0.23,0.07
70540,-0.38,0.24,10.72,0.74,0.21,0.07
70580,-0.33,0.23,10.45,0.68,0.19,0.06
70621,-0.31,0.25,10.14,0.60,0.16,0.06
70662,-0.29,0.25,9.89,0.52,0.13,0.05
70701,-0.28,0.24,9.71,0.44,0.11,0.05
70740,-0.27,0.25,9.51,0.35,0.08,0.04
70779,-0.24,0.25,9.34,0.26,0.05,0.04
70819,-0.22,0.24,9.25,0.18,0.02,0.03
70859,-0.22,0.25,9.17,0.08,-0.01,0.03
70899,-0.21,0.25,9.19,-0.01,-0.04,0.02
70941,-0.21,0.25,9.17,-0.12,-0.07,0.01
70982,-0.21,0.26,9.30,-0.21,-0.11,0.01
71024,-0.24,0.27,9.48,-0.30,-0.14,0.00
71066,-0.22,0.28,9.62,-0.39,-0.17,-0.00
71108,-0.24,0.28,9.88,-0.48,-0.19,-0.01
71151,-0.24,0.29,10.10,-0.57,-0.22,-0.01
71195,-0.27,0.31,10.36,-0.65,-0.25,-0.02
71238,-0.28,0.29,10.67,-0.73,-0.27,-0.02
71282,-0.32,0.33,10.94,-0.79,-0.29,-0.03
71326,-0.32,0.31,11.21,-0.85,-0.31,-0.03
71369,-0.34,0.31,11.46,-0.90,-0.33,-0.03
71413,-0.35,0.32,11.67,-0.93,-0.34,-0.04
71457,-0.40,0.31,11.85,-0.97,-0.35,-0.04
71500,-0.41,0.28,11.92,-0.99,-0.35,-0.04
71544,-0.42,0.28,11.94,-1.00,-0.35,-0.04
71588,-0.44,0.26,11.95,-0.99,-0.35,-0.04
71631,-0.43,0.23,11.85,-0.98,-0.35,-0.05
71675,-0.43,0.21,11.70,-0.95,-0.34,-0.04
71718,-0.44,0.21,11.53,-0.92,-0.33,-0.04
71762,-0.44,0.17,11.34,-0.88,-0.31,-0.04
71806,-0.44,0.15,11.02,-0.83,-0.30,-0.04
71849,-0.43,0.12,10.76,-0.76,-0.27,-0.03
71894,-0.42,0.11,10.45,-0.69,-0.25,-0.03
71938,-0.41,0.11,10.20,-0.62,-0.23,-0.02
71981,-0.40,0.08,9.94,-0.54,-0.20,-0.02
72024,-0.40,0.06,9.68,-0.45,-0.17,-0.01
72067,-0.35,0.06,9.45,-0.36,-0.14,-0.01
72109,-0.36,0.05,9.28,-0.26,-0.11,0.00
72151,-0.35,0.03,9.15,-0.16,-0.08,0.01
72193,-0.34,0.03,9.11,-0.07,-0.05,0.01
72233,-0.34,0.03,9.11,0.03,-0.02,0.02
72274,-0.35,0.02,9.11,0.12,0.01,0.03
72313,-0.35,0.04,9.21,0.21,0.04,0.03
72353,-0.36,0.02,9.32,0.30,0.07,0.04
72393,-0.37,0.05,9.45,0.38,0.09,0.05
72432,-0.40,0.05,9.71,0.47,0.12,0.06
72472,-0.40,0.05,9.93,0.55,0.15,0.06
72511,-0.41,0.08,10.23,0.62,0.17,0.07
72552,-0.43,0.08,10.47,0.69,0.19,0.07
72593,-0.41,0.09,10.69,0.76,0.21,0.07
72633,-0.45,0.11,10.98,0.81,0.23,0.08
72674,-0.44,0.12,11.23,0.87,0.25,0.08
72714,-0.45,0.15,11.44,0.91,0.26,0.08
72755,-0.44,0.17,11.64,0.95,0.28,0.09
72796,-0.43,0.19,11.82,0.97,0.28,0.09
72836,-0.45,0.20,11.88,0.98,0.29,0.08
72877,-0.41,0.22,11.94,0.99,0.29,0.09
72916,-0.40,0.22,11.91,0.99,0.29,0.09
72957,-0.40,0.23,11.89,0.98,0.29,0.08
72998,-0.37,0.26,11.75,0.96,0.28,0.08
73038,-0.37,0.25,11.61,0.93,0.27,0.08
73079,-0.34,0.27,11.44,0.89,0.26,0.08
73120,-0.33,0.28,11.21,0.84,0.25,0.07
73160,-0.30,0.27,10.97,0.79,0.23,0.07
73201,-0.29,0.27,10.70,0.73,0.21,0.07
73241,-0.27,0.28,10.42,0.67,0.19,0.06
73282,-0.24,0.28,10.18,0.60,0.17,0.06
73323,-0.23,0.26,9.94,0.52,0.15,0.05
73362,-0.24,0.26,9.73,0.44,0.12,0.05
73402,-0.21,0.25,9.58,0.35,0.09,0.04
73441,-0.21,0.25,9.40,0.26,0.06,0.04
73481,-0.22,0.26,9.29,0.18,0.03,0.03
73521,-0.22,0.26,9.25,0.09,0.01,0.03
73560,-0.22,0.23,9.20,-0.00,-0.03,0.02
73602,-0.22,0.27,9.21,-0.10,-0.06,0.01
73643,-0.23,0.26,9.30,-0.20,-0.09,0.01
73684,-0.25,0.26,9.45,-0.29,-0.12,0.00
73726,-0.26,0.26,9.60,-0.38,-0.15,-0.00
73768,-0.28,0.26,9.81,-0.47,-0.18,-0.01
73811,-0.30,0.27,10.05,-0.55,-0.21,-0.02
73856,-0.34,0.26,10.36,-0.63,-0.23,-0.02
73899,-0.37,0.26,10.62,-0.71,-0.26,-0.03
73943,-0.41,0.27,10.90,-0.77,-0.28,-0.03
73987,-0.42,0.28,11.12,-0.83,-0.30,-0.03
74030,-0.46,0.28,11.41,-0.88,-0.32,-0.04
74074,-0.47,0.27,11.58,-0.92,-0.33,-0.04
74118,-0.50,0.25,11.75,-0.95,-0.34,-0.04
74161,-0.52,0.24,11.87,-0.97,-0.35,-0.05
74205,-0.50,0.24,11.91,-0.98,-0.35,-0.05
74248,-0.52,0.22,11.83,-0.98,-0.35,-0.05
74292,-0.54,0.22,11.80,-0.96,-0.35,-0.05
74336,-0.52,0.20,11.72,-0.94,-0.34,-0.05
74379,-0.53,0.18,11.52,-0.91,-0.33,-0.05
74423,-0.53,0.16,11.28,-0.87,-0.32,-0.04
74467,-0.48,0.14,11.04,-0.82,-0.30,-0.04
74510,-0.47,0.12,10.75,-0.76,-0.28,-0.03
74554,-0.45,0.11,10.47,-0.69,-0.26,-0.03
74598,-0.41,0.08,10.24,-0.61,-0.24,-0.02
74641,-0.40,0.08,9.93,-0.53,-0.21,-0.02
74684,-0.38,0.05,9.71,-0.45,-0.19,-0.01
74727,-0.35,0.07,9.51,-0.36,-0.16,-0.01
74769,-0.34,0.03,9.30,-0.27,-0.13,0.00
74811,-0.32,0.05,9.20,-0.17,-0.10,0.01
74853,-0.29,0.05,9.11,-0.08,-0.07,0.01
74894,-0.30,0.04,9.11,0.02,-0.03,0.02
74935,-0.28,0.04,9.15,0.11,-0.00,0.03
74975,-0.29,0.04,9.24,0.20,0.03,0.03
75015,-0.26,0.06,9.32,0.29,0.05,0.04
75055,-0.27,0.06,9.50,0.37,0.08,0.05
75094,-0.29,0.06,9.71,0.46,0.11,0.05
75133,-0.31,0.08,9.90,0.54,0.14,0.06
75172,-0.29,0.09,10.15,0.61,0.16,0.06
75213,-0.31,0.13,10.42,0.68,0.19,0.07
75254,-0.30,0.14,10.67,0.74,0.21,0.07
75294,-0.32,0.14,10.94,0.80,0.23,0.07
75335,-0.34,0.19,11.17,0.85,0.25,0.08
75375,-0.32,0.18,11.38,0.89,0.26,0.08
75416,-0.33,0.20,11.60,0.92,0.27,0.08
75457,-0.34,0.23,11.72,0.95,0.29,0.08
75497,-0.34,0.22,11.83,0.97,0.29,0.08
75538,-0.34,0.25,11.88,0.97,0.30,0.08
75578,-0.34,0.25,11.89,0.97,0.30,0.08
75619,-0.32,0.26,11.82,0.96,0.30,0.08
75660,-0.35,0.26,11.72,0.94,0.29,0.08
75700,-0.34,0.27,11.60,0.91,0.28,0.08
75741,-0.33,0.27,11.36,0.88,0.27,0.08
75782,-0.34,0.25,11.18,0.83,0.26,0.07
75822,-0.33,0.25,10.94,0.78,0.24,0.07
75863,-0.32,0.26,10.73,0.72,0.22,0.07
75902,-0.22,0.17,10.50,0.65,0.20,0.06
75943,-0.29,0.28,10.18,0.58,0.18,0.05
75984,-0.22,0.16,9.91,0.51,0.16,0.05
76023,-0.19,0.00,9.73,0.41,0.12,0.04
76063,-0.12,0.12,9.53,0.34,0.10,0.03
76102,-0.19,0.19,9.45,0.26,0.08,0.03
76142,-0.22,0.30,9.36,0.18,0.05,0.02
76182,-0.26,0.39,9.20,0.09,0.02,0.01
76221,-0.49,0.72,9.17,-0.00,-0.01,0.01
76263,-0.66,1.11,9.24,-0.08,-0.03,0.02
76304,-0.77,1.39,9.29,-0.14,-0.06,0.02
76346,-0.81,1.51,9.31,-0.21,-0.09,0.02
76388,-0.88,1.72,9.35,-0.25,-0.09,0.02
76429,-1.06,2.07,9.47,-0.28,-0.10,0.01
76471,-1.15,2.10,9.57,-0.34,-0.13,0.01
76512,-1.19,2.27,9.49,-0.38,-0.15,0.00
76554,-1.24,2.35,9.58,-0.41,-0.16,-0.00
76597,-1.20,2.29,9.86,-0.43,-0.17,-0.01
76639,-1.20,2.30,9.92,-0.45,-0.18,-0.02
76682,-1.25,2.34,9.95,-0.45,-0.19,-0.03
76725,-1.28,2.31,10.07,-0.44,-0.19,-0.03
76768,-1.23,2.35,10.11,-0.45,-0.19,-0.03
76812,-1.20,2.38,10.11,-0.46,-0.20,-0.03
76856,-1.28,2.43,10.17,-0.46,-0.20,-0.02
76899,-1.22,2.46,10.19,-0.45,-0.19,-0.02
76943,-0.95,2.31,10.16,-0.43,-0.19,-0.01
76987,-0.98,2.18,10.16,-0.41,-0.18,-0.01
77030,-1.05,2.31,10.15,-0.37,-0.16,-0.00
77074,-0.97,2.16,10.16,-0.36,-0.15,0.01
77117,-0.97,1.99,10.12,-0.35,-0.15,0.01
77159,-0.95,1.90,10.13,-0.32,-0.14,0.02
77202,-1.00,1.98,10.15,-0.29,-0.12,0.02
77244,-0.96,1.75,10.17,-0.26,-0.12,0.02
77287,-0.88,1.55,10.05,-0.23,-0.11,0.02
77330,-0.84,1.50,10.02,-0.18,-0.09,0.01
77372,-0.79,1.30,10.09,-0.18,-0.09,0.00
77415,-0.75,1.17,9.99,-0.17,-0.09,-0.01
77458,-0.72,1.04,9.98,-0.13,-0.08,-0.01
77500,-0.69,0.93,10.04,-0.10,-0.07,-0.00
77544,-0.63,0.76,10.10,-0.09,-0.07,0.00
77587,-0.58,0.60,10.04,-0.06,-0.06,0.01
77629,-0.54,0.50,10.07,-0.05,-0.05,0.02
77672,-0.49,0.37,10.14,-0.06,-0.06,0.02
77715,-0.45,0.30,10.12,-0.05,-0.06,0.03
77757,-0.42,0.29,10.05,-0.03,-0.05,0.04
77800,-0.40,0.26,10.05,-0.01,-0.05,0.04
77842,-0.34,0.14,10.07,-0.02,-0.05,0.03
77885,-0.31,0.15,10.07,-0.01,-0.05,0.02
77928,-0.30,0.12,10.10,-0.01,-0.05,0.02
77970,-0.29,0.15,10.11,-0.01,-0.05,0.01
78013,-0.29,0.20,10.04,-0.01,-0.05,0.01
78056,-0.28,0.14,10.09,0.00,-0.04,0.01
78097,-0.28,0.19,10.12,0.02,-0.04,0.01
78139,-0.28,0.22,10.06,0.02,-0.04,0.02
78181,-0.24,0.17,10.08,0.02,-0.03,0.03
78222,-0.23,0.17,10.07,0.03,-0.03,0.03
78264,-0.22,0.21,10.08,0.03,-0.03,0.03
78305,-0.21,0.18,10.07,0.02,-0.03,0.03
78347,-0.21,0.15,10.06,0.03,-0.02,0.03
78389,-0.22,0.20,10.10,0.04,-0.02,0.03
78430,-0.24,0.21,10.10,0.04,-0.02,0.03
78472,-0.23,0.17,10.07,0.05,-0.02,0.03
78514,-0.22,0.21,10.08,0.05,-0.01,0.02
78555,-0.23,0.23,10.08,0.05,-0.01,0.02
78597,-0.23,0.21,10.09,0.05,-0.01,0.02
78638,0.45,-0.97,9.71,0.09,-0.00,-0.01
78680,-0.32,-0.08,9.78,0.01,-0.02,0.02
78722,-0.24,0.16,10.28,-0.01,0.01,0.01
78763,-0.19,0.37,10.72,0.01,-0.03,0.02
78804,-0.38,0.28,9.57,0.01,-0.02,0.02
78845,-0.31,0.23,10.44,0.03,0.01,0.03
78885,-0.26,0.29,10.08,0.06,-0.01,0.03
78927,-0.34,0.25,9.31,0.08,0.00,0.03
78966,-0.40,0.41,10.61,0.02,0.02,0.03
79007,-0.33,0.26,10.37,0.04,-0.01,0.03
79049,-0.50,0.20,10.46,0.03,-0.01,0.03
79090,-0.44,0.18,9.73,0.04,-0.00,0.03
79131,-0.32,-0.04,9.77,0.05,0.01,0.03
79171,-0.31,0.09,10.41,0.04,-0.03,0.02
79213,-0.48,0.26,9.60,0.04,0.01,0.02
79253,-0.37,0.17,10.27,0.02,-0.00,0.02
79294,-0.32,0.10,10.22,-0.02,-0.04,0.01
79337,-0.51,0.36,9.97,0.00,-0.04,0.01
79378,-0.33,0.28,10.15,0.01,-0.00,0.01
79419,-0.26,0.14,9.78,0.02,-0.03,0.01
79460,-0.51,0.43,10.26,0.03,-0.03,0.02
79501,-0.43,0.40,10.01,0.00,0.01,0.02
79542,-0.25,0.29,9.99,0.00,-0.03,0.02
79583,-0.65,0.40,10.51,0.01,-0.03,0.03
79624,-0.40,0.37,9.79,0.01,0.00,0.03
79664,-0.41,0.25,10.02,0.04,-0.04,0.03
79705,-0.60,0.24,10.40,0.04,-0.02,0.03
79747,-0.35,0.37,9.72,0.03,-0.02,0.03
79788,-0.42,0.25,10.09,0.00,-0.03,0.02
79828,-0.58,0.27,10.22,0.00,-0.03,0.02
